<?xml version="1.0"?>
<VTKFile type="UnstructuredGrid" version="2.2">
  <UnstructuredGrid>
    <Piece NumberOfPoints="2601" NumberOfCells="5000">
      <Points>
        <DataArray type="Float64" NumberOfComponents="3" format="ascii">0.9800000000000001 -4.308456143152174e-19 0 1 -4.308456143152174e-19 0 1 0.02 0 0.9800000000000001 0.02 0 0.9600000000000001 -4.308456143152174e-19 0 1 0.04000000000000001 0 0.9600000000000001 0.02 0 0.9800000000000001 0.04000000000000001 0 0.9400000000000002 -4.308456143152174e-19 0 1 0.06 0 0.9400000000000002 0.02 0 0.9600000000000001 0.04000000000000001 0 0.9800000000000001 0.06 0 0.9200000000000002 -4.308456143152174e-19 0 1 0.08000000000000002 0 0.9200000000000002 0.02 0 0.9400000000000002 0.04000000000000001 0 0.9600000000000001 0.06 0 0.9800000000000001 0.08000000000000002 0 0.9000000000000001 -4.308456143152174e-19 0 1 0.1 0 0.9000000000000001 0.02 0 0.9200000000000002 0.04000000000000001 0 0.9400000000000002 0.06 0 0.9600000000000001 0.08000000000000002 0 0.9800000000000001 0.1 0 0.8800000000000001 -4.308456143152174e-19 0 1 0.12 0 0.8800000000000001 0.02 0 0.9000000000000001 0.04000000000000001 0 0.9200000000000002 0.06 0 0.9400000000000002 0.08000000000000002 0 0.9600000000000001 0.1 0 0.9800000000000001 0.12 0 0.8600000000000001 -4.308456143152174e-19 0 1 0.14 0 0.8600000000000001 0.02 0 0.8800000000000001 0.04000000000000001 0 0.9000000000000001 0.06 0 0.9200000000000002 0.08000000000000002 0 0.9400000000000002 0.1 0 0.9600000000000001 0.12 0 0.9800000000000001 0.14 0 0.8400000000000001 -4.308456143152174e-19 0 1 0.16 0 0.8400000000000001 0.02 0 0.8600000000000001 0.04000000000000001 0 0.8800000000000001 0.06 0 0.9000000000000001 0.08000000000000002 0 0.9200000000000002 0.1 0 0.9400000000000002 0.12 0 0.9600000000000001 0.14 0 0.9800000000000001 0.16 0 0.8200000000000002 -4.308456143152174e-19 0 1 0.18 0 0.8200000000000002 0.02 0 0.8400000000000001 0.04000000000000001 0 0.8600000000000001 0.06 0 0.8800000000000001 0.08000000000000002 0 0.9000000000000001 0.1 0 0.9200000000000002 0.12 0 0.9400000000000002 0.14 0 0.9600000000000001 0.16 0 0.9800000000000001 0.18 0 0.8000000000000002 -4.308456143152174e-19 0 1 0.2 0 0.8000000000000002 0.02 0 0.8200000000000002 0.04000000000000001 0 0.8400000000000001 0.06 0 0.8600000000000001 0.08000000000000002 0 0.8800000000000001 0.1 0 0.9000000000000001 0.12 0 0.9200000000000002 0.14 0 0.9400000000000002 0.16 0 0.9600000000000001 0.18 0 0.9800000000000001 0.2 0 0.7800000000000001 -4.308456143152174e-19 0 1 0.22 0 0.7800000000000001 0.02 0 0.8000000000000002 0.04000000000000001 0 0.8200000000000002 0.06 0 0.8400000000000001 0.08000000000000002 0 0.8600000000000001 0.1 0 0.8800000000000001 0.12 0 0.9000000000000001 0.14 0 0.9200000000000002 0.16 0 0.9400000000000002 0.18 0 0.9600000000000001 0.2 0 0.9800000000000001 0.22 0 0.7600000000000001 -4.308456143152174e-19 0 1 0.24 0 0.7600000000000001 0.02 0 0.7800000000000001 0.04000000000000001 0 0.8000000000000002 0.06 0 0.8200000000000002 0.08000000000000002 0 0.8400000000000001 0.1 0 0.8600000000000001 0.12 0 0.8800000000000001 0.14 0 0.9000000000000001 0.16 0 0.9200000000000002 0.18 0 0.9400000000000002 0.2 0 0.9600000000000001 0.22 0 0.9800000000000001 0.24 0 0.7400000000000001 -4.308456143152174e-19 0 1 0.2600000000000001 0 0.7400000000000001 0.02 0 0.7600000000000001 0.04000000000000001 0 0.7800000000000001 0.06 0 0.8000000000000002 0.08000000000000002 0 0.8200000000000002 0.1 0 0.8400000000000001 0.12 0 0.8600000000000001 0.14 0 0.8800000000000001 0.16 0 0.9000000000000001 0.18 0 0.9200000000000002 0.2 0 0.9400000000000002 0.22 0 0.9600000000000001 0.24 0 0.9800000000000001 0.2600000000000001 0 0.7200000000000001 -4.308456143152174e-19 0 1 0.2800000000000001 0 0.7200000000000001 0.02 0 0.7400000000000001 0.04000000000000001 0 0.7600000000000001 0.06 0 0.7800000000000001 0.08000000000000002 0 0.8000000000000002 0.1 0 0.8200000000000002 0.12 0 0.8400000000000001 0.14 0 0.8600000000000001 0.16 0 0.8800000000000001 0.18 0 0.9000000000000001 0.2 0 0.9200000000000002 0.22 0 0.9400000000000002 0.24 0 0.9600000000000001 0.2600000000000001 0 0.9800000000000001 0.2800000000000001 0 0.7000000000000002 -4.308456143152174e-19 0 1 0.3 0 0.7000000000000002 0.02 0 0.7200000000000001 0.04000000000000001 0 0.7400000000000001 0.06 0 0.7600000000000001 0.08000000000000002 0 0.7800000000000001 0.1 0 0.8000000000000002 0.12 0 0.8200000000000002 0.14 0 0.8400000000000001 0.16 0 0.8600000000000001 0.18 0 0.8800000000000001 0.2 0 0.9000000000000001 0.22 0 0.9200000000000002 0.24 0 0.9400000000000002 0.2600000000000001 0 0.9600000000000001 0.2800000000000001 0 0.9800000000000001 0.3 0 0.6800000000000002 -4.308456143152174e-19 0 1 0.3200000000000001 0 0.6800000000000002 0.02 0 0.7000000000000002 0.04000000000000001 0 0.7200000000000001 0.06 0 0.7400000000000001 0.08000000000000002 0 0.7600000000000001 0.1 0 0.7800000000000001 0.12 0 0.8000000000000002 0.14 0 0.8200000000000002 0.16 0 0.8400000000000001 0.18 0 0.8600000000000001 0.2 0 0.8800000000000001 0.22 0 0.9000000000000001 0.24 0 0.9200000000000002 0.2600000000000001 0 0.9400000000000002 0.2800000000000001 0 0.9600000000000001 0.3 0 0.9800000000000001 0.3200000000000001 0 0.6600000000000001 -4.308456143152174e-19 0 1 0.3400000000000001 0 0.6600000000000001 0.02 0 0.6800000000000002 0.04000000000000001 0 0.7000000000000002 0.06 0 0.7200000000000001 0.08000000000000002 0 0.7400000000000001 0.1 0 0.7600000000000001 0.12 0 0.7800000000000001 0.14 0 0.8000000000000002 0.16 0 0.8200000000000002 0.18 0 0.8400000000000001 0.2 0 0.8600000000000001 0.22 0 0.8800000000000001 0.24 0 0.9000000000000001 0.2600000000000001 0 0.9200000000000002 0.2800000000000001 0 0.9400000000000002 0.3 0 0.9600000000000001 0.3200000000000001 0 0.9800000000000001 0.3400000000000001 0 0.6400000000000001 -4.308456143152174e-19 0 1 0.36 0 0.6400000000000001 0.02 0 0.6600000000000001 0.04000000000000001 0 0.6800000000000002 0.06 0 0.7000000000000002 0.08000000000000002 0 0.7200000000000001 0.1 0 0.7400000000000001 0.12 0 0.7600000000000001 0.14 0 0.7800000000000001 0.16 0 0.8000000000000002 0.18 0 0.8200000000000002 0.2 0 0.8400000000000001 0.22 0 0.8600000000000001 0.24 0 0.8800000000000001 0.2600000000000001 0 0.9000000000000001 0.2800000000000001 0 0.9200000000000002 0.3 0 0.9400000000000002 0.3200000000000001 0 0.9600000000000001 0.3400000000000001 0 0.9800000000000001 0.36 0 0.6200000000000001 -4.308456143152174e-19 0 1 0.3800000000000001 0 0.6200000000000001 0.02 0 0.6400000000000001 0.04000000000000001 0 0.6600000000000001 0.06 0 0.6800000000000002 0.08000000000000002 0 0.7000000000000002 0.1 0 0.7200000000000001 0.12 0 0.7400000000000001 0.14 0 0.7600000000000001 0.16 0 0.7800000000000001 0.18 0 0.8000000000000002 0.2 0 0.8200000000000002 0.22 0 0.8400000000000001 0.24 0 0.8600000000000001 0.2600000000000001 0 0.8800000000000001 0.2800000000000001 0 0.9000000000000001 0.3 0 0.9200000000000002 0.3200000000000001 0 0.9400000000000002 0.3400000000000001 0 0.9600000000000001 0.36 0 0.9800000000000001 0.3800000000000001 0 0.6000000000000001 -4.308456143152174e-19 0 1 0.4000000000000001 0 0.6000000000000001 0.02 0 0.6200000000000001 0.04000000000000001 0 0.6400000000000001 0.06 0 0.6600000000000001 0.08000000000000002 0 0.6800000000000002 0.1 0 0.7000000000000002 0.12 0 0.7200000000000001 0.14 0 0.7400000000000001 0.16 0 0.7600000000000001 0.18 0 0.7800000000000001 0.2 0 0.8000000000000002 0.22 0 0.8200000000000002 0.24 0 0.8400000000000001 0.2600000000000001 0 0.8600000000000001 0.2800000000000001 0 0.8800000000000001 0.3 0 0.9000000000000001 0.3200000000000001 0 0.9200000000000002 0.3400000000000001 0 0.9400000000000002 0.36 0 0.9600000000000001 0.3800000000000001 0 0.9800000000000001 0.4000000000000001 0 0.5800000000000001 -4.308456143152174e-19 0 1 0.42 0 0.5800000000000001 0.02 0 0.6000000000000001 0.04000000000000001 0 0.6200000000000001 0.06 0 0.6400000000000001 0.08000000000000002 0 0.6600000000000001 0.1 0 0.6800000000000002 0.12 0 0.7000000000000002 0.14 0 0.7200000000000001 0.16 0 0.7400000000000001 0.18 0 0.7600000000000001 0.2 0 0.7800000000000001 0.22 0 0.8000000000000002 0.24 0 0.8200000000000002 0.2600000000000001 0 0.8400000000000001 0.2800000000000001 0 0.8600000000000001 0.3 0 0.8800000000000001 0.3200000000000001 0 0.9000000000000001 0.3400000000000001 0 0.9200000000000002 0.36 0 0.9400000000000002 0.3800000000000001 0 0.9600000000000001 0.4000000000000001 0 0.9800000000000001 0.42 0 0.5600000000000002 -4.308456143152174e-19 0 1 0.4400000000000001 0 0.5600000000000002 0.02 0 0.5800000000000001 0.04000000000000001 0 0.6000000000000001 0.06 0 0.6200000000000001 0.08000000000000002 0 0.6400000000000001 0.1 0 0.6600000000000001 0.12 0 0.6800000000000002 0.14 0 0.7000000000000002 0.16 0 0.7200000000000001 0.18 0 0.7400000000000001 0.2 0 0.7600000000000001 0.22 0 0.7800000000000001 0.24 0 0.8000000000000002 0.2600000000000001 0 0.8200000000000002 0.2800000000000001 0 0.8400000000000001 0.3 0 0.8600000000000001 0.3200000000000001 0 0.8800000000000001 0.3400000000000001 0 0.9000000000000001 0.36 0 0.9200000000000002 0.3800000000000001 0 0.9400000000000002 0.4000000000000001 0 0.9600000000000001 0.42 0 0.9800000000000001 0.4400000000000001 0 0.5400000000000001 -4.308456143152174e-19 0 1 0.4600000000000001 0 0.5400000000000001 0.02 0 0.5600000000000002 0.04000000000000001 0 0.5800000000000001 0.06 0 0.6000000000000001 0.08000000000000002 0 0.6200000000000001 0.1 0 0.6400000000000001 0.12 0 0.6600000000000001 0.14 0 0.6800000000000002 0.16 0 0.7000000000000002 0.18 0 0.7200000000000001 0.2 0 0.7400000000000001 0.22 0 0.7600000000000001 0.24 0 0.7800000000000001 0.2600000000000001 0 0.8000000000000002 0.2800000000000001 0 0.8200000000000002 0.3 0 0.8400000000000001 0.3200000000000001 0 0.8600000000000001 0.3400000000000001 0 0.8800000000000001 0.36 0 0.9000000000000001 0.3800000000000001 0 0.9200000000000002 0.4000000000000001 0 0.9400000000000002 0.42 0 0.9600000000000001 0.4400000000000001 0 0.9800000000000001 0.4600000000000001 0 0.52 -4.308456143152174e-19 0 1 0.48 0 0.52 0.02 0 0.5400000000000001 0.04000000000000001 0 0.5600000000000002 0.06 0 0.5800000000000001 0.08000000000000002 0 0.6000000000000001 0.1 0 0.6200000000000001 0.12 0 0.6400000000000001 0.14 0 0.6600000000000001 0.16 0 0.6800000000000002 0.18 0 0.7000000000000002 0.2 0 0.7200000000000001 0.22 0 0.7400000000000001 0.24 0 0.7600000000000001 0.2600000000000001 0 0.7800000000000001 0.2800000000000001 0 0.8000000000000002 0.3 0 0.8200000000000002 0.3200000000000001 0 0.8400000000000001 0.3400000000000001 0 0.8600000000000001 0.36 0 0.8800000000000001 0.3800000000000001 0 0.9000000000000001 0.4000000000000001 0 0.9200000000000002 0.42 0 0.9400000000000002 0.4400000000000001 0 0.9600000000000001 0.4600000000000001 0 0.9800000000000001 0.48 0 0.5 -4.308456143152174e-19 0 1 0.5 0 0.5 0.02 0 0.52 0.04000000000000001 0 0.5400000000000001 0.06 0 0.5600000000000002 0.08000000000000002 0 0.5800000000000001 0.1 0 0.6000000000000001 0.12 0 0.6200000000000001 0.14 0 0.6400000000000001 0.16 0 0.6600000000000001 0.18 0 0.6800000000000002 0.2 0 0.7000000000000002 0.22 0 0.7200000000000001 0.24 0 0.7400000000000001 0.2600000000000001 0 0.7600000000000001 0.2800000000000001 0 0.7800000000000001 0.3 0 0.8000000000000002 0.3200000000000001 0 0.8200000000000002 0.3400000000000001 0 0.8400000000000001 0.36 0 0.8600000000000001 0.3800000000000001 0 0.8800000000000001 0.4000000000000001 0 0.9000000000000001 0.42 0 0.9200000000000002 0.4400000000000001 0 0.9400000000000002 0.4600000000000001 0 0.9600000000000001 0.48 0 0.9800000000000001 0.5 0 0.48 -4.308456143152174e-19 0 1 0.5200000000000001 0 0.48 0.02 0 0.5 0.04000000000000001 0 0.52 0.06 0 0.5400000000000001 0.08000000000000002 0 0.5600000000000002 0.1 0 0.5800000000000001 0.12 0 0.6000000000000001 0.14 0 0.6200000000000001 0.16 0 0.6400000000000001 0.18 0 0.6600000000000001 0.2 0 0.6800000000000002 0.22 0 0.7000000000000002 0.24 0 0.7200000000000001 0.2600000000000001 0 0.7400000000000001 0.2800000000000001 0 0.7600000000000001 0.3 0 0.7800000000000001 0.3200000000000001 0 0.8000000000000002 0.3400000000000001 0 0.8200000000000002 0.36 0 0.8400000000000001 0.3800000000000001 0 0.8600000000000001 0.4000000000000001 0 0.8800000000000001 0.42 0 0.9000000000000001 0.4400000000000001 0 0.9200000000000002 0.4600000000000001 0 0.9400000000000002 0.48 0 0.9600000000000001 0.5 0 0.9800000000000001 0.5200000000000001 0 0.4600000000000001 -4.308456143152174e-19 0 1 0.5400000000000001 0 0.4600000000000001 0.02 0 0.48 0.04000000000000001 0 0.5 0.06 0 0.52 0.08000000000000002 0 0.5400000000000001 0.1 0 0.5600000000000002 0.12 0 0.5800000000000001 0.14 0 0.6000000000000001 0.16 0 0.6200000000000001 0.18 0 0.6400000000000001 0.2 0 0.6600000000000001 0.22 0 0.6800000000000002 0.24 0 0.7000000000000002 0.2600000000000001 0 0.7200000000000001 0.2800000000000001 0 0.7400000000000001 0.3 0 0.7600000000000001 0.3200000000000001 0 0.7800000000000001 0.3400000000000001 0 0.8000000000000002 0.36 0 0.8200000000000002 0.3800000000000001 0 0.8400000000000001 0.4000000000000001 0 0.8600000000000001 0.42 0 0.8800000000000001 0.4400000000000001 0 0.9000000000000001 0.4600000000000001 0 0.9200000000000002 0.48 0 0.9400000000000002 0.5 0 0.9600000000000001 0.5200000000000001 0 0.9800000000000001 0.5400000000000001 0 0.4400000000000001 -4.308456143152174e-19 0 1 0.5600000000000002 0 0.4400000000000001 0.02 0 0.4600000000000001 0.04000000000000001 0 0.48 0.06 0 0.5 0.08000000000000002 0 0.52 0.1 0 0.5400000000000001 0.12 0 0.5600000000000002 0.14 0 0.5800000000000001 0.16 0 0.6000000000000001 0.18 0 0.6200000000000001 0.2 0 0.6400000000000001 0.22 0 0.6600000000000001 0.24 0 0.6800000000000002 0.2600000000000001 0 0.7000000000000002 0.2800000000000001 0 0.7200000000000001 0.3 0 0.7400000000000001 0.3200000000000001 0 0.7600000000000001 0.3400000000000001 0 0.7800000000000001 0.36 0 0.8000000000000002 0.3800000000000001 0 0.8200000000000002 0.4000000000000001 0 0.8400000000000001 0.42 0 0.8600000000000001 0.4400000000000001 0 0.8800000000000001 0.4600000000000001 0 0.9000000000000001 0.48 0 0.9200000000000002 0.5 0 0.9400000000000002 0.5200000000000001 0 0.9600000000000001 0.5400000000000001 0 0.9800000000000001 0.5600000000000002 0 0.42 -4.308456143152174e-19 0 1 0.5800000000000001 0 0.42 0.02 0 0.4400000000000001 0.04000000000000001 0 0.4600000000000001 0.06 0 0.48 0.08000000000000002 0 0.5 0.1 0 0.52 0.12 0 0.5400000000000001 0.14 0 0.5600000000000002 0.16 0 0.5800000000000001 0.18 0 0.6000000000000001 0.2 0 0.6200000000000001 0.22 0 0.6400000000000001 0.24 0 0.6600000000000001 0.2600000000000001 0 0.6800000000000002 0.2800000000000001 0 0.7000000000000002 0.3 0 0.7200000000000001 0.3200000000000001 0 0.7400000000000001 0.3400000000000001 0 0.7600000000000001 0.36 0 0.7800000000000001 0.3800000000000001 0 0.8000000000000002 0.4000000000000001 0 0.8200000000000002 0.42 0 0.8400000000000001 0.4400000000000001 0 0.8600000000000001 0.4600000000000001 0 0.8800000000000001 0.48 0 0.9000000000000001 0.5 0 0.9200000000000002 0.5200000000000001 0 0.9400000000000002 0.5400000000000001 0 0.9600000000000001 0.5600000000000002 0 0.9800000000000001 0.5800000000000001 0 0.4000000000000001 -4.308456143152174e-19 0 1 0.6000000000000001 0 0.4000000000000001 0.02 0 0.42 0.04000000000000001 0 0.4400000000000001 0.06 0 0.4600000000000001 0.08000000000000002 0 0.48 0.1 0 0.5 0.12 0 0.52 0.14 0 0.5400000000000001 0.16 0 0.5600000000000002 0.18 0 0.5800000000000001 0.2 0 0.6000000000000001 0.22 0 0.6200000000000001 0.24 0 0.6400000000000001 0.2600000000000001 0 0.6600000000000001 0.2800000000000001 0 0.6800000000000002 0.3 0 0.7000000000000002 0.3200000000000001 0 0.7200000000000001 0.3400000000000001 0 0.7400000000000001 0.36 0 0.7600000000000001 0.3800000000000001 0 0.7800000000000001 0.4000000000000001 0 0.8000000000000002 0.42 0 0.8200000000000002 0.4400000000000001 0 0.8400000000000001 0.4600000000000001 0 0.8600000000000001 0.48 0 0.8800000000000001 0.5 0 0.9000000000000001 0.5200000000000001 0 0.9200000000000002 0.5400000000000001 0 0.9400000000000002 0.5600000000000002 0 0.9600000000000001 0.5800000000000001 0 0.9800000000000001 0.6000000000000001 0 0.3800000000000001 -4.308456143152174e-19 0 1 0.6200000000000001 0 0.3800000000000001 0.02 0 0.4000000000000001 0.04000000000000001 0 0.42 0.06 0 0.4400000000000001 0.08000000000000002 0 0.4600000000000001 0.1 0 0.48 0.12 0 0.5 0.14 0 0.52 0.16 0 0.5400000000000001 0.18 0 0.5600000000000002 0.2 0 0.5800000000000001 0.22 0 0.6000000000000001 0.24 0 0.6200000000000001 0.2600000000000001 0 0.6400000000000001 0.2800000000000001 0 0.6600000000000001 0.3 0 0.6800000000000002 0.3200000000000001 0 0.7000000000000002 0.3400000000000001 0 0.7200000000000001 0.36 0 0.7400000000000001 0.3800000000000001 0 0.7600000000000001 0.4000000000000001 0 0.7800000000000001 0.42 0 0.8000000000000002 0.4400000000000001 0 0.8200000000000002 0.4600000000000001 0 0.8400000000000001 0.48 0 0.8600000000000001 0.5 0 0.8800000000000001 0.5200000000000001 0 0.9000000000000001 0.5400000000000001 0 0.9200000000000002 0.5600000000000002 0 0.9400000000000002 0.5800000000000001 0 0.9600000000000001 0.6000000000000001 0 0.9800000000000001 0.6200000000000001 0 0.36 -4.308456143152174e-19 0 1 0.6400000000000001 0 0.36 0.02 0 0.3800000000000001 0.04000000000000001 0 0.4000000000000001 0.06 0 0.42 0.08000000000000002 0 0.4400000000000001 0.1 0 0.4600000000000001 0.12 0 0.48 0.14 0 0.5 0.16 0 0.52 0.18 0 0.5400000000000001 0.2 0 0.5600000000000002 0.22 0 0.5800000000000001 0.24 0 0.6000000000000001 0.2600000000000001 0 0.6200000000000001 0.2800000000000001 0 0.6400000000000001 0.3 0 0.6600000000000001 0.3200000000000001 0 0.6800000000000002 0.3400000000000001 0 0.7000000000000002 0.36 0 0.7200000000000001 0.3800000000000001 0 0.7400000000000001 0.4000000000000001 0 0.7600000000000001 0.42 0 0.7800000000000001 0.4400000000000001 0 0.8000000000000002 0.4600000000000001 0 0.8200000000000002 0.48 0 0.8400000000000001 0.5 0 0.8600000000000001 0.5200000000000001 0 0.8800000000000001 0.5400000000000001 0 0.9000000000000001 0.5600000000000002 0 0.9200000000000002 0.5800000000000001 0 0.9400000000000002 0.6000000000000001 0 0.9600000000000001 0.6200000000000001 0 0.9800000000000001 0.6400000000000001 0 0.3400000000000001 -4.308456143152174e-19 0 1 0.6600000000000001 0 0.3400000000000001 0.02 0 0.36 0.04000000000000001 0 0.3800000000000001 0.06 0 0.4000000000000001 0.08000000000000002 0 0.42 0.1 0 0.4400000000000001 0.12 0 0.4600000000000001 0.14 0 0.48 0.16 0 0.5 0.18 0 0.52 0.2 0 0.5400000000000001 0.22 0 0.5600000000000002 0.24 0 0.5800000000000001 0.2600000000000001 0 0.6000000000000001 0.2800000000000001 0 0.6200000000000001 0.3 0 0.6400000000000001 0.3200000000000001 0 0.6600000000000001 0.3400000000000001 0 0.6800000000000002 0.36 0 0.7000000000000002 0.3800000000000001 0 0.7200000000000001 0.4000000000000001 0 0.7400000000000001 0.42 0 0.7600000000000001 0.4400000000000001 0 0.7800000000000001 0.4600000000000001 0 0.8000000000000002 0.48 0 0.8200000000000002 0.5 0 0.8400000000000001 0.5200000000000001 0 0.8600000000000001 0.5400000000000001 0 0.8800000000000001 0.5600000000000002 0 0.9000000000000001 0.5800000000000001 0 0.9200000000000002 0.6000000000000001 0 0.9400000000000002 0.6200000000000001 0 0.9600000000000001 0.6400000000000001 0 0.9800000000000001 0.6600000000000001 0 0.3200000000000001 -4.308456143152174e-19 0 1 0.6800000000000002 0 0.3200000000000001 0.02 0 0.3400000000000001 0.04000000000000001 0 0.36 0.06 0 0.3800000000000001 0.08000000000000002 0 0.4000000000000001 0.1 0 0.42 0.12 0 0.4400000000000001 0.14 0 0.4600000000000001 0.16 0 0.48 0.18 0 0.5 0.2 0 0.52 0.22 0 0.5400000000000001 0.24 0 0.5600000000000002 0.2600000000000001 0 0.5800000000000001 0.2800000000000001 0 0.6000000000000001 0.3 0 0.6200000000000001 0.3200000000000001 0 0.6400000000000001 0.3400000000000001 0 0.6600000000000001 0.36 0 0.6800000000000002 0.3800000000000001 0 0.7000000000000002 0.4000000000000001 0 0.7200000000000001 0.42 0 0.7400000000000001 0.4400000000000001 0 0.7600000000000001 0.4600000000000001 0 0.7800000000000001 0.48 0 0.8000000000000002 0.5 0 0.8200000000000002 0.5200000000000001 0 0.8400000000000001 0.5400000000000001 0 0.8600000000000001 0.5600000000000002 0 0.8800000000000001 0.5800000000000001 0 0.9000000000000001 0.6000000000000001 0 0.9200000000000002 0.6200000000000001 0 0.9400000000000002 0.6400000000000001 0 0.9600000000000001 0.6600000000000001 0 0.9800000000000001 0.6800000000000002 0 0.3 -4.308456143152174e-19 0 1 0.7000000000000002 0 0.3 0.02 0 0.3200000000000001 0.04000000000000001 0 0.3400000000000001 0.06 0 0.36 0.08000000000000002 0 0.3800000000000001 0.1 0 0.4000000000000001 0.12 0 0.42 0.14 0 0.4400000000000001 0.16 0 0.4600000000000001 0.18 0 0.48 0.2 0 0.5 0.22 0 0.52 0.24 0 0.5400000000000001 0.2600000000000001 0 0.5600000000000002 0.2800000000000001 0 0.5800000000000001 0.3 0 0.6000000000000001 0.3200000000000001 0 0.6200000000000001 0.3400000000000001 0 0.6400000000000001 0.36 0 0.6600000000000001 0.3800000000000001 0 0.6800000000000002 0.4000000000000001 0 0.7000000000000002 0.42 0 0.7200000000000001 0.4400000000000001 0 0.7400000000000001 0.4600000000000001 0 0.7600000000000001 0.48 0 0.7800000000000001 0.5 0 0.8000000000000002 0.5200000000000001 0 0.8200000000000002 0.5400000000000001 0 0.8400000000000001 0.5600000000000002 0 0.8600000000000001 0.5800000000000001 0 0.8800000000000001 0.6000000000000001 0 0.9000000000000001 0.6200000000000001 0 0.9200000000000002 0.6400000000000001 0 0.9400000000000002 0.6600000000000001 0 0.9600000000000001 0.6800000000000002 0 0.9800000000000001 0.7000000000000002 0 0.2800000000000001 -4.308456143152174e-19 0 1 0.7200000000000001 0 0.2800000000000001 0.02 0 0.3 0.04000000000000001 0 0.3200000000000001 0.06 0 0.3400000000000001 0.08000000000000002 0 0.36 0.1 0 0.3800000000000001 0.12 0 0.4000000000000001 0.14 0 0.42 0.16 0 0.4400000000000001 0.18 0 0.4600000000000001 0.2 0 0.48 0.22 0 0.5 0.24 0 0.52 0.2600000000000001 0 0.5400000000000001 0.2800000000000001 0 0.5600000000000002 0.3 0 0.5800000000000001 0.3200000000000001 0 0.6000000000000001 0.3400000000000001 0 0.6200000000000001 0.36 0 0.6400000000000001 0.3800000000000001 0 0.6600000000000001 0.4000000000000001 0 0.6800000000000002 0.42 0 0.7000000000000002 0.4400000000000001 0 0.7200000000000001 0.4600000000000001 0 0.7400000000000001 0.48 0 0.7600000000000001 0.5 0 0.7800000000000001 0.5200000000000001 0 0.8000000000000002 0.5400000000000001 0 0.8200000000000002 0.5600000000000002 0 0.8400000000000001 0.5800000000000001 0 0.8600000000000001 0.6000000000000001 0 0.8800000000000001 0.6200000000000001 0 0.9000000000000001 0.6400000000000001 0 0.9200000000000002 0.6600000000000001 0 0.9400000000000002 0.6800000000000002 0 0.9600000000000001 0.7000000000000002 0 0.9800000000000001 0.7200000000000001 0 0.26 -4.308456143152174e-19 0 1 0.7400000000000001 0 0.26 0.02 0 0.2800000000000001 0.04000000000000001 0 0.3 0.06 0 0.3200000000000001 0.08000000000000002 0 0.3400000000000001 0.1 0 0.36 0.12 0 0.3800000000000001 0.14 0 0.4000000000000001 0.16 0 0.42 0.18 0 0.4400000000000001 0.2 0 0.4600000000000001 0.22 0 0.48 0.24 0 0.5 0.2600000000000001 0 0.52 0.2800000000000001 0 0.5400000000000001 0.3 0 0.5600000000000002 0.3200000000000001 0 0.5800000000000001 0.3400000000000001 0 0.6000000000000001 0.36 0 0.6200000000000001 0.3800000000000001 0 0.6400000000000001 0.4000000000000001 0 0.6600000000000001 0.42 0 0.6800000000000002 0.4400000000000001 0 0.7000000000000002 0.4600000000000001 0 0.7200000000000001 0.48 0 0.7400000000000001 0.5 0 0.7600000000000001 0.5200000000000001 0 0.7800000000000001 0.5400000000000001 0 0.8000000000000002 0.5600000000000002 0 0.8200000000000002 0.5800000000000001 0 0.8400000000000001 0.6000000000000001 0 0.8600000000000001 0.6200000000000001 0 0.8800000000000001 0.6400000000000001 0 0.9000000000000001 0.6600000000000001 0 0.9200000000000002 0.6800000000000002 0 0.9400000000000002 0.7000000000000002 0 0.9600000000000001 0.7200000000000001 0 0.9800000000000001 0.7400000000000001 0 0.24 -4.308456143152174e-19 0 1 0.7600000000000001 0 0.24 0.02 0 0.26 0.04000000000000001 0 0.2800000000000001 0.06 0 0.3 0.08000000000000002 0 0.3200000000000001 0.1 0 0.3400000000000001 0.12 0 0.36 0.14 0 0.3800000000000001 0.16 0 0.4000000000000001 0.18 0 0.42 0.2 0 0.4400000000000001 0.22 0 0.4600000000000001 0.24 0 0.48 0.2600000000000001 0 0.5 0.2800000000000001 0 0.52 0.3 0 0.5400000000000001 0.3200000000000001 0 0.5600000000000002 0.3400000000000001 0 0.5800000000000001 0.36 0 0.6000000000000001 0.3800000000000001 0 0.6200000000000001 0.4000000000000001 0 0.6400000000000001 0.42 0 0.6600000000000001 0.4400000000000001 0 0.6800000000000002 0.4600000000000001 0 0.7000000000000002 0.48 0 0.7200000000000001 0.5 0 0.7400000000000001 0.5200000000000001 0 0.7600000000000001 0.5400000000000001 0 0.7800000000000001 0.5600000000000002 0 0.8000000000000002 0.5800000000000001 0 0.8200000000000002 0.6000000000000001 0 0.8400000000000001 0.6200000000000001 0 0.8600000000000001 0.6400000000000001 0 0.8800000000000001 0.6600000000000001 0 0.9000000000000001 0.6800000000000002 0 0.9200000000000002 0.7000000000000002 0 0.9400000000000002 0.7200000000000001 0 0.9600000000000001 0.7400000000000001 0 0.9800000000000001 0.7600000000000001 0 0.22 -4.308456143152174e-19 0 1 0.7800000000000001 0 0.22 0.02 0 0.24 0.04000000000000001 0 0.26 0.06 0 0.2800000000000001 0.08000000000000002 0 0.3 0.1 0 0.3200000000000001 0.12 0 0.3400000000000001 0.14 0 0.36 0.16 0 0.3800000000000001 0.18 0 0.4000000000000001 0.2 0 0.42 0.22 0 0.4400000000000001 0.24 0 0.4600000000000001 0.2600000000000001 0 0.48 0.2800000000000001 0 0.5 0.3 0 0.52 0.3200000000000001 0 0.5400000000000001 0.3400000000000001 0 0.5600000000000002 0.36 0 0.5800000000000001 0.3800000000000001 0 0.6000000000000001 0.4000000000000001 0 0.6200000000000001 0.42 0 0.6400000000000001 0.4400000000000001 0 0.6600000000000001 0.4600000000000001 0 0.6800000000000002 0.48 0 0.7000000000000002 0.5 0 0.7200000000000001 0.5200000000000001 0 0.7400000000000001 0.5400000000000001 0 0.7600000000000001 0.5600000000000002 0 0.7800000000000001 0.5800000000000001 0 0.8000000000000002 0.6000000000000001 0 0.8200000000000002 0.6200000000000001 0 0.8400000000000001 0.6400000000000001 0 0.8600000000000001 0.6600000000000001 0 0.8800000000000001 0.6800000000000002 0 0.9000000000000001 0.7000000000000002 0 0.9200000000000002 0.7200000000000001 0 0.9400000000000002 0.7400000000000001 0 0.9600000000000001 0.7600000000000001 0 0.9800000000000001 0.7800000000000001 0 0.2 -4.308456143152174e-19 0 1 0.8000000000000002 0 0.2 0.02 0 0.22 0.04000000000000001 0 0.24 0.06 0 0.26 0.08000000000000002 0 0.2800000000000001 0.1 0 0.3 0.12 0 0.3200000000000001 0.14 0 0.3400000000000001 0.16 0 0.36 0.18 0 0.3800000000000001 0.2 0 0.4000000000000001 0.22 0 0.42 0.24 0 0.4400000000000001 0.2600000000000001 0 0.4600000000000001 0.2800000000000001 0 0.48 0.3 0 0.5 0.3200000000000001 0 0.52 0.3400000000000001 0 0.5400000000000001 0.36 0 0.5600000000000002 0.3800000000000001 0 0.5800000000000001 0.4000000000000001 0 0.6000000000000001 0.42 0 0.6200000000000001 0.4400000000000001 0 0.6400000000000001 0.4600000000000001 0 0.6600000000000001 0.48 0 0.6800000000000002 0.5 0 0.7000000000000002 0.5200000000000001 0 0.7200000000000001 0.5400000000000001 0 0.7400000000000001 0.5600000000000002 0 0.7600000000000001 0.5800000000000001 0 0.7800000000000001 0.6000000000000001 0 0.8000000000000002 0.6200000000000001 0 0.8200000000000002 0.6400000000000001 0 0.8400000000000001 0.6600000000000001 0 0.8600000000000001 0.6800000000000002 0 0.8800000000000001 0.7000000000000002 0 0.9000000000000001 0.7200000000000001 0 0.9200000000000002 0.7400000000000001 0 0.9400000000000002 0.7600000000000001 0 0.9600000000000001 0.7800000000000001 0 0.9800000000000001 0.8000000000000002 0 0.18 -4.308456143152174e-19 0 1 0.8200000000000002 0 0.18 0.02 0 0.2 0.04000000000000001 0 0.22 0.06 0 0.24 0.08000000000000002 0 0.26 0.1 0 0.2800000000000001 0.12 0 0.3 0.14 0 0.3200000000000001 0.16 0 0.3400000000000001 0.18 0 0.36 0.2 0 0.3800000000000001 0.22 0 0.4000000000000001 0.24 0 0.42 0.2600000000000001 0 0.4400000000000001 0.2800000000000001 0 0.4600000000000001 0.3 0 0.48 0.3200000000000001 0 0.5 0.3400000000000001 0 0.52 0.36 0 0.5400000000000001 0.3800000000000001 0 0.5600000000000002 0.4000000000000001 0 0.5800000000000001 0.42 0 0.6000000000000001 0.4400000000000001 0 0.6200000000000001 0.4600000000000001 0 0.6400000000000001 0.48 0 0.6600000000000001 0.5 0 0.6800000000000002 0.5200000000000001 0 0.7000000000000002 0.5400000000000001 0 0.7200000000000001 0.5600000000000002 0 0.7400000000000001 0.5800000000000001 0 0.7600000000000001 0.6000000000000001 0 0.7800000000000001 0.6200000000000001 0 0.8000000000000002 0.6400000000000001 0 0.8200000000000002 0.6600000000000001 0 0.8400000000000001 0.6800000000000002 0 0.8600000000000001 0.7000000000000002 0 0.8800000000000001 0.7200000000000001 0 0.9000000000000001 0.7400000000000001 0 0.9200000000000002 0.7600000000000001 0 0.9400000000000002 0.7800000000000001 0 0.9600000000000001 0.8000000000000002 0 0.9800000000000001 0.8200000000000002 0 0.16 -4.308456143152174e-19 0 1 0.8400000000000001 0 0.16 0.02 0 0.18 0.04000000000000001 0 0.2 0.06 0 0.22 0.08000000000000002 0 0.24 0.1 0 0.26 0.12 0 0.2800000000000001 0.14 0 0.3 0.16 0 0.3200000000000001 0.18 0 0.3400000000000001 0.2 0 0.36 0.22 0 0.3800000000000001 0.24 0 0.4000000000000001 0.2600000000000001 0 0.42 0.2800000000000001 0 0.4400000000000001 0.3 0 0.4600000000000001 0.3200000000000001 0 0.48 0.3400000000000001 0 0.5 0.36 0 0.52 0.3800000000000001 0 0.5400000000000001 0.4000000000000001 0 0.5600000000000002 0.42 0 0.5800000000000001 0.4400000000000001 0 0.6000000000000001 0.4600000000000001 0 0.6200000000000001 0.48 0 0.6400000000000001 0.5 0 0.6600000000000001 0.5200000000000001 0 0.6800000000000002 0.5400000000000001 0 0.7000000000000002 0.5600000000000002 0 0.7200000000000001 0.5800000000000001 0 0.7400000000000001 0.6000000000000001 0 0.7600000000000001 0.6200000000000001 0 0.7800000000000001 0.6400000000000001 0 0.8000000000000002 0.6600000000000001 0 0.8200000000000002 0.6800000000000002 0 0.8400000000000001 0.7000000000000002 0 0.8600000000000001 0.7200000000000001 0 0.8800000000000001 0.7400000000000001 0 0.9000000000000001 0.7600000000000001 0 0.9200000000000002 0.7800000000000001 0 0.9400000000000002 0.8000000000000002 0 0.9600000000000001 0.8200000000000002 0 0.9800000000000001 0.8400000000000001 0 0.14 -4.308456143152174e-19 0 1 0.8600000000000001 0 0.14 0.02 0 0.16 0.04000000000000001 0 0.18 0.06 0 0.2 0.08000000000000002 0 0.22 0.1 0 0.24 0.12 0 0.26 0.14 0 0.2800000000000001 0.16 0 0.3 0.18 0 0.3200000000000001 0.2 0 0.3400000000000001 0.22 0 0.36 0.24 0 0.3800000000000001 0.2600000000000001 0 0.4000000000000001 0.2800000000000001 0 0.42 0.3 0 0.4400000000000001 0.3200000000000001 0 0.4600000000000001 0.3400000000000001 0 0.48 0.36 0 0.5 0.3800000000000001 0 0.52 0.4000000000000001 0 0.5400000000000001 0.42 0 0.5600000000000002 0.4400000000000001 0 0.5800000000000001 0.4600000000000001 0 0.6000000000000001 0.48 0 0.6200000000000001 0.5 0 0.6400000000000001 0.5200000000000001 0 0.6600000000000001 0.5400000000000001 0 0.6800000000000002 0.5600000000000002 0 0.7000000000000002 0.5800000000000001 0 0.7200000000000001 0.6000000000000001 0 0.7400000000000001 0.6200000000000001 0 0.7600000000000001 0.6400000000000001 0 0.7800000000000001 0.6600000000000001 0 0.8000000000000002 0.6800000000000002 0 0.8200000000000002 0.7000000000000002 0 0.8400000000000001 0.7200000000000001 0 0.8600000000000001 0.7400000000000001 0 0.8800000000000001 0.7600000000000001 0 0.9000000000000001 0.7800000000000001 0 0.9200000000000002 0.8000000000000002 0 0.9400000000000002 0.8200000000000002 0 0.9600000000000001 0.8400000000000001 0 0.9800000000000001 0.8600000000000001 0 0.12 -4.308456143152174e-19 0 1 0.8800000000000001 0 0.12 0.02 0 0.14 0.04000000000000001 0 0.16 0.06 0 0.18 0.08000000000000002 0 0.2 0.1 0 0.22 0.12 0 0.24 0.14 0 0.26 0.16 0 0.2800000000000001 0.18 0 0.3 0.2 0 0.3200000000000001 0.22 0 0.3400000000000001 0.24 0 0.36 0.2600000000000001 0 0.3800000000000001 0.2800000000000001 0 0.4000000000000001 0.3 0 0.42 0.3200000000000001 0 0.4400000000000001 0.3400000000000001 0 0.4600000000000001 0.36 0 0.48 0.3800000000000001 0 0.5 0.4000000000000001 0 0.52 0.42 0 0.5400000000000001 0.4400000000000001 0 0.5600000000000002 0.4600000000000001 0 0.5800000000000001 0.48 0 0.6000000000000001 0.5 0 0.6200000000000001 0.5200000000000001 0 0.6400000000000001 0.5400000000000001 0 0.6600000000000001 0.5600000000000002 0 0.6800000000000002 0.5800000000000001 0 0.7000000000000002 0.6000000000000001 0 0.7200000000000001 0.6200000000000001 0 0.7400000000000001 0.6400000000000001 0 0.7600000000000001 0.6600000000000001 0 0.7800000000000001 0.6800000000000002 0 0.8000000000000002 0.7000000000000002 0 0.8200000000000002 0.7200000000000001 0 0.8400000000000001 0.7400000000000001 0 0.8600000000000001 0.7600000000000001 0 0.8800000000000001 0.7800000000000001 0 0.9000000000000001 0.8000000000000002 0 0.9200000000000002 0.8200000000000002 0 0.9400000000000002 0.8400000000000001 0 0.9600000000000001 0.8600000000000001 0 0.9800000000000001 0.8800000000000001 0 0.1 -4.308456143152174e-19 0 1 0.9000000000000001 0 0.1 0.02 0 0.12 0.04000000000000001 0 0.14 0.06 0 0.16 0.08000000000000002 0 0.18 0.1 0 0.2 0.12 0 0.22 0.14 0 0.24 0.16 0 0.26 0.18 0 0.2800000000000001 0.2 0 0.3 0.22 0 0.3200000000000001 0.24 0 0.3400000000000001 0.2600000000000001 0 0.36 0.2800000000000001 0 0.3800000000000001 0.3 0 0.4000000000000001 0.3200000000000001 0 0.42 0.3400000000000001 0 0.4400000000000001 0.36 0 0.4600000000000001 0.3800000000000001 0 0.48 0.4000000000000001 0 0.5 0.42 0 0.52 0.4400000000000001 0 0.5400000000000001 0.4600000000000001 0 0.5600000000000002 0.48 0 0.5800000000000001 0.5 0 0.6000000000000001 0.5200000000000001 0 0.6200000000000001 0.5400000000000001 0 0.6400000000000001 0.5600000000000002 0 0.6600000000000001 0.5800000000000001 0 0.6800000000000002 0.6000000000000001 0 0.7000000000000002 0.6200000000000001 0 0.7200000000000001 0.6400000000000001 0 0.7400000000000001 0.6600000000000001 0 0.7600000000000001 0.6800000000000002 0 0.7800000000000001 0.7000000000000002 0 0.8000000000000002 0.7200000000000001 0 0.8200000000000002 0.7400000000000001 0 0.8400000000000001 0.7600000000000001 0 0.8600000000000001 0.7800000000000001 0 0.8800000000000001 0.8000000000000002 0 0.9000000000000001 0.8200000000000002 0 0.9200000000000002 0.8400000000000001 0 0.9400000000000002 0.8600000000000001 0 0.9600000000000001 0.8800000000000001 0 0.9800000000000001 0.9000000000000001 0 0.08 -4.308456143152174e-19 0 1 0.9200000000000002 0 0.08 0.02 0 0.1 0.04000000000000001 0 0.12 0.06 0 0.14 0.08000000000000002 0 0.16 0.1 0 0.18 0.12 0 0.2 0.14 0 0.22 0.16 0 0.24 0.18 0 0.26 0.2 0 0.2800000000000001 0.22 0 0.3 0.24 0 0.3200000000000001 0.2600000000000001 0 0.3400000000000001 0.2800000000000001 0 0.36 0.3 0 0.3800000000000001 0.3200000000000001 0 0.4000000000000001 0.3400000000000001 0 0.42 0.36 0 0.4400000000000001 0.3800000000000001 0 0.4600000000000001 0.4000000000000001 0 0.48 0.42 0 0.5 0.4400000000000001 0 0.52 0.4600000000000001 0 0.5400000000000001 0.48 0 0.5600000000000002 0.5 0 0.5800000000000001 0.5200000000000001 0 0.6000000000000001 0.5400000000000001 0 0.6200000000000001 0.5600000000000002 0 0.6400000000000001 0.5800000000000001 0 0.6600000000000001 0.6000000000000001 0 0.6800000000000002 0.6200000000000001 0 0.7000000000000002 0.6400000000000001 0 0.7200000000000001 0.6600000000000001 0 0.7400000000000001 0.6800000000000002 0 0.7600000000000001 0.7000000000000002 0 0.7800000000000001 0.7200000000000001 0 0.8000000000000002 0.7400000000000001 0 0.8200000000000002 0.7600000000000001 0 0.8400000000000001 0.7800000000000001 0 0.8600000000000001 0.8000000000000002 0 0.8800000000000001 0.8200000000000002 0 0.9000000000000001 0.8400000000000001 0 0.9200000000000002 0.8600000000000001 0 0.9400000000000002 0.8800000000000001 0 0.9600000000000001 0.9000000000000001 0 0.9800000000000001 0.9200000000000002 0 0.06 -4.308456143152174e-19 0 1 0.9400000000000002 0 0.06 0.02 0 0.08 0.04000000000000001 0 0.1 0.06 0 0.12 0.08000000000000002 0 0.14 0.1 0 0.16 0.12 0 0.18 0.14 0 0.2 0.16 0 0.22 0.18 0 0.24 0.2 0 0.26 0.22 0 0.2800000000000001 0.24 0 0.3 0.2600000000000001 0 0.3200000000000001 0.2800000000000001 0 0.3400000000000001 0.3 0 0.36 0.3200000000000001 0 0.3800000000000001 0.3400000000000001 0 0.4000000000000001 0.36 0 0.42 0.3800000000000001 0 0.4400000000000001 0.4000000000000001 0 0.4600000000000001 0.42 0 0.48 0.4400000000000001 0 0.5 0.4600000000000001 0 0.52 0.48 0 0.5400000000000001 0.5 0 0.5600000000000002 0.5200000000000001 0 0.5800000000000001 0.5400000000000001 0 0.6000000000000001 0.5600000000000002 0 0.6200000000000001 0.5800000000000001 0 0.6400000000000001 0.6000000000000001 0 0.6600000000000001 0.6200000000000001 0 0.6800000000000002 0.6400000000000001 0 0.7000000000000002 0.6600000000000001 0 0.7200000000000001 0.6800000000000002 0 0.7400000000000001 0.7000000000000002 0 0.7600000000000001 0.7200000000000001 0 0.7800000000000001 0.7400000000000001 0 0.8000000000000002 0.7600000000000001 0 0.8200000000000002 0.7800000000000001 0 0.8400000000000001 0.8000000000000002 0 0.8600000000000001 0.8200000000000002 0 0.8800000000000001 0.8400000000000001 0 0.9000000000000001 0.8600000000000001 0 0.9200000000000002 0.8800000000000001 0 0.9400000000000002 0.9000000000000001 0 0.9600000000000001 0.9200000000000002 0 0.9800000000000001 0.9400000000000002 0 0.04 -4.308456143152174e-19 0 1 0.9600000000000001 0 0.04 0.02 0 0.06 0.04000000000000001 0 0.08 0.06 0 0.1 0.08000000000000002 0 0.12 0.1 0 0.14 0.12 0 0.16 0.14 0 0.18 0.16 0 0.2 0.18 0 0.22 0.2 0 0.24 0.22 0 0.26 0.24 0 0.2800000000000001 0.2600000000000001 0 0.3 0.2800000000000001 0 0.3200000000000001 0.3 0 0.3400000000000001 0.3200000000000001 0 0.36 0.3400000000000001 0 0.3800000000000001 0.36 0 0.4000000000000001 0.3800000000000001 0 0.42 0.4000000000000001 0 0.4400000000000001 0.42 0 0.4600000000000001 0.4400000000000001 0 0.48 0.4600000000000001 0 0.5 0.48 0 0.52 0.5 0 0.5400000000000001 0.5200000000000001 0 0.5600000000000002 0.5400000000000001 0 0.5800000000000001 0.5600000000000002 0 0.6000000000000001 0.5800000000000001 0 0.6200000000000001 0.6000000000000001 0 0.6400000000000001 0.6200000000000001 0 0.6600000000000001 0.6400000000000001 0 0.6800000000000002 0.6600000000000001 0 0.7000000000000002 0.6800000000000002 0 0.7200000000000001 0.7000000000000002 0 0.7400000000000001 0.7200000000000001 0 0.7600000000000001 0.7400000000000001 0 0.7800000000000001 0.7600000000000001 0 0.8000000000000002 0.7800000000000001 0 0.8200000000000002 0.8000000000000002 0 0.8400000000000001 0.8200000000000002 0 0.8600000000000001 0.8400000000000001 0 0.8800000000000001 0.8600000000000001 0 0.9000000000000001 0.8800000000000001 0 0.9200000000000002 0.9000000000000001 0 0.9400000000000002 0.9200000000000002 0 0.9600000000000001 0.9400000000000002 0 0.9800000000000001 0.9600000000000001 0 0.02 -4.308456143152174e-19 0 1 0.9800000000000001 0 0.02 0.02 0 0.04 0.04000000000000001 0 0.06 0.06 0 0.08 0.08000000000000002 0 0.1 0.1 0 0.12 0.12 0 0.14 0.14 0 0.16 0.16 0 0.18 0.18 0 0.2 0.2 0 0.22 0.22 0 0.24 0.24 0 0.26 0.2600000000000001 0 0.2800000000000001 0.2800000000000001 0 0.3 0.3 0 0.3200000000000001 0.3200000000000001 0 0.3400000000000001 0.3400000000000001 0 0.36 0.36 0 0.3800000000000001 0.3800000000000001 0 0.4000000000000001 0.4000000000000001 0 0.42 0.42 0 0.4400000000000001 0.4400000000000001 0 0.4600000000000001 0.4600000000000001 0 0.48 0.48 0 0.5 0.5 0 0.52 0.5200000000000001 0 0.5400000000000001 0.5400000000000001 0 0.5600000000000002 0.5600000000000002 0 0.5800000000000001 0.5800000000000001 0 0.6000000000000001 0.6000000000000001 0 0.6200000000000001 0.6200000000000001 0 0.6400000000000001 0.6400000000000001 0 0.6600000000000001 0.6600000000000001 0 0.6800000000000002 0.6800000000000002 0 0.7000000000000002 0.7000000000000002 0 0.7200000000000001 0.7200000000000001 0 0.7400000000000001 0.7400000000000001 0 0.7600000000000001 0.7600000000000001 0 0.7800000000000001 0.7800000000000001 0 0.8000000000000002 0.8000000000000002 0 0.8200000000000002 0.8200000000000002 0 0.8400000000000001 0.8400000000000001 0 0.8600000000000001 0.8600000000000001 0 0.8800000000000001 0.8800000000000001 0 0.9000000000000001 0.9000000000000001 0 0.9200000000000002 0.9200000000000002 0 0.9400000000000002 0.9400000000000002 0 0.9600000000000001 0.9600000000000001 0 0.9800000000000001 0.9800000000000001 0 4.308456143152174e-19 4.308456143152174e-19 0 0.9999999999999999 0.9999999999999999 0 4.308456143152174e-19 0.02 0 0.02 0.04000000000000001 0 0.04 0.06 0 0.06 0.08000000000000002 0 0.08 0.1 0 0.1 0.12 0 0.12 0.14 0 0.14 0.16 0 0.16 0.18 0 0.18 0.2 0 0.2 0.22 0 0.22 0.24 0 0.24 0.2600000000000001 0 0.26 0.2800000000000001 0 0.2800000000000001 0.3 0 0.3 0.3200000000000001 0 0.3200000000000001 0.3400000000000001 0 0.3400000000000001 0.36 0 0.36 0.3800000000000001 0 0.3800000000000001 0.4000000000000001 0 0.4000000000000001 0.42 0 0.42 0.4400000000000001 0 0.4400000000000001 0.4600000000000001 0 0.4600000000000001 0.48 0 0.48 0.5 0 0.5 0.5200000000000001 0 0.52 0.5400000000000001 0 0.5400000000000001 0.5600000000000002 0 0.5600000000000002 0.5800000000000001 0 0.5800000000000001 0.6000000000000001 0 0.6000000000000001 0.6200000000000001 0 0.6200000000000001 0.6400000000000001 0 0.6400000000000001 0.6600000000000001 0 0.6600000000000001 0.6800000000000002 0 0.6800000000000002 0.7000000000000002 0 0.7000000000000002 0.7200000000000001 0 0.7200000000000001 0.7400000000000001 0 0.7400000000000001 0.7600000000000001 0 0.7600000000000001 0.7800000000000001 0 0.7800000000000001 0.8000000000000002 0 0.8000000000000002 0.8200000000000002 0 0.8200000000000002 0.8400000000000001 0 0.8400000000000001 0.8600000000000001 0 0.8600000000000001 0.8800000000000001 0 0.8800000000000001 0.9000000000000001 0 0.9000000000000001 0.9200000000000002 0 0.9200000000000002 0.9400000000000002 0 0.9400000000000002 0.9600000000000001 0 0.9600000000000001 0.9800000000000001 0 0.9799999999999999 0.9999999999999999 0 4.308456143152174e-19 0.04 0 0.02 0.06 0 0.04 0.08000000000000002 0 0.06 0.1 0 0.08 0.12 0 0.1 0.14 0 0.12 0.16 0 0.14 0.18 0 0.16 0.2 0 0.18 0.22 0 0.2 0.24 0 0.22 0.2600000000000001 0 0.24 0.2800000000000001 0 0.26 0.3 0 0.2800000000000001 0.3200000000000001 0 0.3 0.3400000000000001 0 0.3200000000000001 0.36 0 0.3400000000000001 0.3800000000000001 0 0.36 0.4000000000000001 0 0.3800000000000001 0.42 0 0.4000000000000001 0.4400000000000001 0 0.42 0.4600000000000001 0 0.4400000000000001 0.48 0 0.4600000000000001 0.5 0 0.48 0.5200000000000001 0 0.5 0.5400000000000001 0 0.52 0.5600000000000002 0 0.5400000000000001 0.5800000000000001 0 0.5600000000000002 0.6000000000000001 0 0.5800000000000001 0.6200000000000001 0 0.6000000000000001 0.6400000000000001 0 0.6200000000000001 0.6600000000000001 0 0.6400000000000001 0.6800000000000002 0 0.6600000000000001 0.7000000000000002 0 0.6800000000000002 0.7200000000000001 0 0.7000000000000002 0.7400000000000001 0 0.7200000000000001 0.7600000000000001 0 0.7400000000000001 0.7800000000000001 0 0.7600000000000001 0.8000000000000002 0 0.7800000000000001 0.8200000000000002 0 0.8000000000000002 0.8400000000000001 0 0.8200000000000002 0.8600000000000001 0 0.8400000000000001 0.8800000000000001 0 0.8600000000000001 0.9000000000000001 0 0.8800000000000001 0.9200000000000002 0 0.9000000000000001 0.9400000000000002 0 0.9200000000000002 0.9600000000000001 0 0.9400000000000002 0.9800000000000001 0 0.9599999999999999 0.9999999999999999 0 4.308456143152174e-19 0.06 0 0.02 0.08000000000000002 0 0.04 0.1 0 0.06 0.12 0 0.08 0.14 0 0.1 0.16 0 0.12 0.18 0 0.14 0.2 0 0.16 0.22 0 0.18 0.24 0 0.2 0.2600000000000001 0 0.22 0.2800000000000001 0 0.24 0.3 0 0.26 0.3200000000000001 0 0.2800000000000001 0.3400000000000001 0 0.3 0.36 0 0.3200000000000001 0.3800000000000001 0 0.3400000000000001 0.4000000000000001 0 0.36 0.42 0 0.3800000000000001 0.4400000000000001 0 0.4000000000000001 0.4600000000000001 0 0.42 0.48 0 0.4400000000000001 0.5 0 0.4600000000000001 0.5200000000000001 0 0.48 0.5400000000000001 0 0.5 0.5600000000000002 0 0.52 0.5800000000000001 0 0.5400000000000001 0.6000000000000001 0 0.5600000000000002 0.6200000000000001 0 0.5800000000000001 0.6400000000000001 0 0.6000000000000001 0.6600000000000001 0 0.6200000000000001 0.6800000000000002 0 0.6400000000000001 0.7000000000000002 0 0.6600000000000001 0.7200000000000001 0 0.6800000000000002 0.7400000000000001 0 0.7000000000000002 0.7600000000000001 0 0.7200000000000001 0.7800000000000001 0 0.7400000000000001 0.8000000000000002 0 0.7600000000000001 0.8200000000000002 0 0.7800000000000001 0.8400000000000001 0 0.8000000000000002 0.8600000000000001 0 0.8200000000000002 0.8800000000000001 0 0.8400000000000001 0.9000000000000001 0 0.8600000000000001 0.9200000000000002 0 0.8800000000000001 0.9400000000000002 0 0.9000000000000001 0.9600000000000001 0 0.9200000000000002 0.9800000000000001 0 0.9399999999999999 0.9999999999999999 0 4.308456143152174e-19 0.08 0 0.02 0.1 0 0.04 0.12 0 0.06 0.14 0 0.08 0.16 0 0.1 0.18 0 0.12 0.2 0 0.14 0.22 0 0.16 0.24 0 0.18 0.2600000000000001 0 0.2 0.2800000000000001 0 0.22 0.3 0 0.24 0.3200000000000001 0 0.26 0.3400000000000001 0 0.2800000000000001 0.36 0 0.3 0.3800000000000001 0 0.3200000000000001 0.4000000000000001 0 0.3400000000000001 0.42 0 0.36 0.4400000000000001 0 0.3800000000000001 0.4600000000000001 0 0.4000000000000001 0.48 0 0.42 0.5 0 0.4400000000000001 0.5200000000000001 0 0.4600000000000001 0.5400000000000001 0 0.48 0.5600000000000002 0 0.5 0.5800000000000001 0 0.52 0.6000000000000001 0 0.5400000000000001 0.6200000000000001 0 0.5600000000000002 0.6400000000000001 0 0.5800000000000001 0.6600000000000001 0 0.6000000000000001 0.6800000000000002 0 0.6200000000000001 0.7000000000000002 0 0.6400000000000001 0.7200000000000001 0 0.6600000000000001 0.7400000000000001 0 0.6800000000000002 0.7600000000000001 0 0.7000000000000002 0.7800000000000001 0 0.7200000000000001 0.8000000000000002 0 0.7400000000000001 0.8200000000000002 0 0.7600000000000001 0.8400000000000001 0 0.7800000000000001 0.8600000000000001 0 0.8000000000000002 0.8800000000000001 0 0.8200000000000002 0.9000000000000001 0 0.8400000000000001 0.9200000000000002 0 0.8600000000000001 0.9400000000000002 0 0.8800000000000001 0.9600000000000001 0 0.9000000000000001 0.9800000000000001 0 0.9199999999999999 0.9999999999999999 0 4.308456143152174e-19 0.1 0 0.02 0.12 0 0.04 0.14 0 0.06 0.16 0 0.08 0.18 0 0.1 0.2 0 0.12 0.22 0 0.14 0.24 0 0.16 0.2600000000000001 0 0.18 0.2800000000000001 0 0.2 0.3 0 0.22 0.3200000000000001 0 0.24 0.3400000000000001 0 0.26 0.36 0 0.2800000000000001 0.3800000000000001 0 0.3 0.4000000000000001 0 0.3200000000000001 0.42 0 0.3400000000000001 0.4400000000000001 0 0.36 0.4600000000000001 0 0.3800000000000001 0.48 0 0.4000000000000001 0.5 0 0.42 0.5200000000000001 0 0.4400000000000001 0.5400000000000001 0 0.4600000000000001 0.5600000000000002 0 0.48 0.5800000000000001 0 0.5 0.6000000000000001 0 0.52 0.6200000000000001 0 0.5400000000000001 0.6400000000000001 0 0.5600000000000002 0.6600000000000001 0 0.5800000000000001 0.6800000000000002 0 0.6000000000000001 0.7000000000000002 0 0.6200000000000001 0.7200000000000001 0 0.6400000000000001 0.7400000000000001 0 0.6600000000000001 0.7600000000000001 0 0.6800000000000002 0.7800000000000001 0 0.7000000000000002 0.8000000000000002 0 0.7200000000000001 0.8200000000000002 0 0.7400000000000001 0.8400000000000001 0 0.7600000000000001 0.8600000000000001 0 0.7800000000000001 0.8800000000000001 0 0.8000000000000002 0.9000000000000001 0 0.8200000000000002 0.9200000000000002 0 0.8400000000000001 0.9400000000000002 0 0.8600000000000001 0.9600000000000001 0 0.8800000000000001 0.9800000000000001 0 0.8999999999999999 0.9999999999999999 0 4.308456143152174e-19 0.12 0 0.02 0.14 0 0.04 0.16 0 0.06 0.18 0 0.08 0.2 0 0.1 0.22 0 0.12 0.24 0 0.14 0.2600000000000001 0 0.16 0.2800000000000001 0 0.18 0.3 0 0.2 0.3200000000000001 0 0.22 0.3400000000000001 0 0.24 0.36 0 0.26 0.3800000000000001 0 0.2800000000000001 0.4000000000000001 0 0.3 0.42 0 0.3200000000000001 0.4400000000000001 0 0.3400000000000001 0.4600000000000001 0 0.36 0.48 0 0.3800000000000001 0.5 0 0.4000000000000001 0.5200000000000001 0 0.42 0.5400000000000001 0 0.4400000000000001 0.5600000000000002 0 0.4600000000000001 0.5800000000000001 0 0.48 0.6000000000000001 0 0.5 0.6200000000000001 0 0.52 0.6400000000000001 0 0.5400000000000001 0.6600000000000001 0 0.5600000000000002 0.6800000000000002 0 0.5800000000000001 0.7000000000000002 0 0.6000000000000001 0.7200000000000001 0 0.6200000000000001 0.7400000000000001 0 0.6400000000000001 0.7600000000000001 0 0.6600000000000001 0.7800000000000001 0 0.6800000000000002 0.8000000000000002 0 0.7000000000000002 0.8200000000000002 0 0.7200000000000001 0.8400000000000001 0 0.7400000000000001 0.8600000000000001 0 0.7600000000000001 0.8800000000000001 0 0.7800000000000001 0.9000000000000001 0 0.8000000000000002 0.9200000000000002 0 0.8200000000000002 0.9400000000000002 0 0.8400000000000001 0.9600000000000001 0 0.8600000000000001 0.9800000000000001 0 0.8799999999999999 0.9999999999999999 0 4.308456143152174e-19 0.14 0 0.02 0.16 0 0.04 0.18 0 0.06 0.2 0 0.08 0.22 0 0.1 0.24 0 0.12 0.2600000000000001 0 0.14 0.2800000000000001 0 0.16 0.3 0 0.18 0.3200000000000001 0 0.2 0.3400000000000001 0 0.22 0.36 0 0.24 0.3800000000000001 0 0.26 0.4000000000000001 0 0.2800000000000001 0.42 0 0.3 0.4400000000000001 0 0.3200000000000001 0.4600000000000001 0 0.3400000000000001 0.48 0 0.36 0.5 0 0.3800000000000001 0.5200000000000001 0 0.4000000000000001 0.5400000000000001 0 0.42 0.5600000000000002 0 0.4400000000000001 0.5800000000000001 0 0.4600000000000001 0.6000000000000001 0 0.48 0.6200000000000001 0 0.5 0.6400000000000001 0 0.52 0.6600000000000001 0 0.5400000000000001 0.6800000000000002 0 0.5600000000000002 0.7000000000000002 0 0.5800000000000001 0.7200000000000001 0 0.6000000000000001 0.7400000000000001 0 0.6200000000000001 0.7600000000000001 0 0.6400000000000001 0.7800000000000001 0 0.6600000000000001 0.8000000000000002 0 0.6800000000000002 0.8200000000000002 0 0.7000000000000002 0.8400000000000001 0 0.7200000000000001 0.8600000000000001 0 0.7400000000000001 0.8800000000000001 0 0.7600000000000001 0.9000000000000001 0 0.7800000000000001 0.9200000000000002 0 0.8000000000000002 0.9400000000000002 0 0.8200000000000002 0.9600000000000001 0 0.8400000000000001 0.9800000000000001 0 0.8599999999999999 0.9999999999999999 0 4.308456143152174e-19 0.16 0 0.02 0.18 0 0.04 0.2 0 0.06 0.22 0 0.08 0.24 0 0.1 0.2600000000000001 0 0.12 0.2800000000000001 0 0.14 0.3 0 0.16 0.3200000000000001 0 0.18 0.3400000000000001 0 0.2 0.36 0 0.22 0.3800000000000001 0 0.24 0.4000000000000001 0 0.26 0.42 0 0.2800000000000001 0.4400000000000001 0 0.3 0.4600000000000001 0 0.3200000000000001 0.48 0 0.3400000000000001 0.5 0 0.36 0.5200000000000001 0 0.3800000000000001 0.5400000000000001 0 0.4000000000000001 0.5600000000000002 0 0.42 0.5800000000000001 0 0.4400000000000001 0.6000000000000001 0 0.4600000000000001 0.6200000000000001 0 0.48 0.6400000000000001 0 0.5 0.6600000000000001 0 0.52 0.6800000000000002 0 0.5400000000000001 0.7000000000000002 0 0.5600000000000002 0.7200000000000001 0 0.5800000000000001 0.7400000000000001 0 0.6000000000000001 0.7600000000000001 0 0.6200000000000001 0.7800000000000001 0 0.6400000000000001 0.8000000000000002 0 0.6600000000000001 0.8200000000000002 0 0.6800000000000002 0.8400000000000001 0 0.7000000000000002 0.8600000000000001 0 0.7200000000000001 0.8800000000000001 0 0.7400000000000001 0.9000000000000001 0 0.7600000000000001 0.9200000000000002 0 0.7800000000000001 0.9400000000000002 0 0.8000000000000002 0.9600000000000001 0 0.8200000000000002 0.9800000000000001 0 0.8399999999999999 0.9999999999999999 0 4.308456143152174e-19 0.18 0 0.02 0.2 0 0.04 0.22 0 0.06 0.24 0 0.08 0.2600000000000001 0 0.1 0.2800000000000001 0 0.12 0.3 0 0.14 0.3200000000000001 0 0.16 0.3400000000000001 0 0.18 0.36 0 0.2 0.3800000000000001 0 0.22 0.4000000000000001 0 0.24 0.42 0 0.26 0.4400000000000001 0 0.2800000000000001 0.4600000000000001 0 0.3 0.48 0 0.3200000000000001 0.5 0 0.3400000000000001 0.5200000000000001 0 0.36 0.5400000000000001 0 0.3800000000000001 0.5600000000000002 0 0.4000000000000001 0.5800000000000001 0 0.42 0.6000000000000001 0 0.4400000000000001 0.6200000000000001 0 0.4600000000000001 0.6400000000000001 0 0.48 0.6600000000000001 0 0.5 0.6800000000000002 0 0.52 0.7000000000000002 0 0.5400000000000001 0.7200000000000001 0 0.5600000000000002 0.7400000000000001 0 0.5800000000000001 0.7600000000000001 0 0.6000000000000001 0.7800000000000001 0 0.6200000000000001 0.8000000000000002 0 0.6400000000000001 0.8200000000000002 0 0.6600000000000001 0.8400000000000001 0 0.6800000000000002 0.8600000000000001 0 0.7000000000000002 0.8800000000000001 0 0.7200000000000001 0.9000000000000001 0 0.7400000000000001 0.9200000000000002 0 0.7600000000000001 0.9400000000000002 0 0.7800000000000001 0.9600000000000001 0 0.8000000000000002 0.9800000000000001 0 0.82 0.9999999999999999 0 4.308456143152174e-19 0.2 0 0.02 0.22 0 0.04 0.24 0 0.06 0.2600000000000001 0 0.08 0.2800000000000001 0 0.1 0.3 0 0.12 0.3200000000000001 0 0.14 0.3400000000000001 0 0.16 0.36 0 0.18 0.3800000000000001 0 0.2 0.4000000000000001 0 0.22 0.42 0 0.24 0.4400000000000001 0 0.26 0.4600000000000001 0 0.2800000000000001 0.48 0 0.3 0.5 0 0.3200000000000001 0.5200000000000001 0 0.3400000000000001 0.5400000000000001 0 0.36 0.5600000000000002 0 0.3800000000000001 0.5800000000000001 0 0.4000000000000001 0.6000000000000001 0 0.42 0.6200000000000001 0 0.4400000000000001 0.6400000000000001 0 0.4600000000000001 0.6600000000000001 0 0.48 0.6800000000000002 0 0.5 0.7000000000000002 0 0.52 0.7200000000000001 0 0.5400000000000001 0.7400000000000001 0 0.5600000000000002 0.7600000000000001 0 0.5800000000000001 0.7800000000000001 0 0.6000000000000001 0.8000000000000002 0 0.6200000000000001 0.8200000000000002 0 0.6400000000000001 0.8400000000000001 0 0.6600000000000001 0.8600000000000001 0 0.6800000000000002 0.8800000000000001 0 0.7000000000000002 0.9000000000000001 0 0.7200000000000001 0.9200000000000002 0 0.7400000000000001 0.9400000000000002 0 0.7600000000000001 0.9600000000000001 0 0.7800000000000001 0.9800000000000001 0 0.7999999999999999 0.9999999999999999 0 4.308456143152174e-19 0.22 0 0.02 0.24 0 0.04 0.2600000000000001 0 0.06 0.2800000000000001 0 0.08 0.3 0 0.1 0.3200000000000001 0 0.12 0.3400000000000001 0 0.14 0.36 0 0.16 0.3800000000000001 0 0.18 0.4000000000000001 0 0.2 0.42 0 0.22 0.4400000000000001 0 0.24 0.4600000000000001 0 0.26 0.48 0 0.2800000000000001 0.5 0 0.3 0.5200000000000001 0 0.3200000000000001 0.5400000000000001 0 0.3400000000000001 0.5600000000000002 0 0.36 0.5800000000000001 0 0.3800000000000001 0.6000000000000001 0 0.4000000000000001 0.6200000000000001 0 0.42 0.6400000000000001 0 0.4400000000000001 0.6600000000000001 0 0.4600000000000001 0.6800000000000002 0 0.48 0.7000000000000002 0 0.5 0.7200000000000001 0 0.52 0.7400000000000001 0 0.5400000000000001 0.7600000000000001 0 0.5600000000000002 0.7800000000000001 0 0.5800000000000001 0.8000000000000002 0 0.6000000000000001 0.8200000000000002 0 0.6200000000000001 0.8400000000000001 0 0.6400000000000001 0.8600000000000001 0 0.6600000000000001 0.8800000000000001 0 0.6800000000000002 0.9000000000000001 0 0.7000000000000002 0.9200000000000002 0 0.7200000000000001 0.9400000000000002 0 0.7400000000000001 0.9600000000000001 0 0.7600000000000001 0.9800000000000001 0 0.7799999999999999 0.9999999999999999 0 4.308456143152174e-19 0.24 0 0.02 0.2600000000000001 0 0.04 0.2800000000000001 0 0.06 0.3 0 0.08 0.3200000000000001 0 0.1 0.3400000000000001 0 0.12 0.36 0 0.14 0.3800000000000001 0 0.16 0.4000000000000001 0 0.18 0.42 0 0.2 0.4400000000000001 0 0.22 0.4600000000000001 0 0.24 0.48 0 0.26 0.5 0 0.2800000000000001 0.5200000000000001 0 0.3 0.5400000000000001 0 0.3200000000000001 0.5600000000000002 0 0.3400000000000001 0.5800000000000001 0 0.36 0.6000000000000001 0 0.3800000000000001 0.6200000000000001 0 0.4000000000000001 0.6400000000000001 0 0.42 0.6600000000000001 0 0.4400000000000001 0.6800000000000002 0 0.4600000000000001 0.7000000000000002 0 0.48 0.7200000000000001 0 0.5 0.7400000000000001 0 0.52 0.7600000000000001 0 0.5400000000000001 0.7800000000000001 0 0.5600000000000002 0.8000000000000002 0 0.5800000000000001 0.8200000000000002 0 0.6000000000000001 0.8400000000000001 0 0.6200000000000001 0.8600000000000001 0 0.6400000000000001 0.8800000000000001 0 0.6600000000000001 0.9000000000000001 0 0.6800000000000002 0.9200000000000002 0 0.7000000000000002 0.9400000000000002 0 0.7200000000000001 0.9600000000000001 0 0.7400000000000001 0.9800000000000001 0 0.7599999999999999 0.9999999999999999 0 4.308456143152174e-19 0.26 0 0.02 0.2800000000000001 0 0.04 0.3 0 0.06 0.3200000000000001 0 0.08 0.3400000000000001 0 0.1 0.36 0 0.12 0.3800000000000001 0 0.14 0.4000000000000001 0 0.16 0.42 0 0.18 0.4400000000000001 0 0.2 0.4600000000000001 0 0.22 0.48 0 0.24 0.5 0 0.26 0.5200000000000001 0 0.2800000000000001 0.5400000000000001 0 0.3 0.5600000000000002 0 0.3200000000000001 0.5800000000000001 0 0.3400000000000001 0.6000000000000001 0 0.36 0.6200000000000001 0 0.3800000000000001 0.6400000000000001 0 0.4000000000000001 0.6600000000000001 0 0.42 0.6800000000000002 0 0.4400000000000001 0.7000000000000002 0 0.4600000000000001 0.7200000000000001 0 0.48 0.7400000000000001 0 0.5 0.7600000000000001 0 0.52 0.7800000000000001 0 0.5400000000000001 0.8000000000000002 0 0.5600000000000002 0.8200000000000002 0 0.5800000000000001 0.8400000000000001 0 0.6000000000000001 0.8600000000000001 0 0.6200000000000001 0.8800000000000001 0 0.6400000000000001 0.9000000000000001 0 0.6600000000000001 0.9200000000000002 0 0.6800000000000002 0.9400000000000002 0 0.7000000000000002 0.9600000000000001 0 0.7200000000000001 0.9800000000000001 0 0.7399999999999999 0.9999999999999999 0 4.308456143152174e-19 0.28 0 0.02 0.3 0 0.04 0.3200000000000001 0 0.06 0.3400000000000001 0 0.08 0.36 0 0.1 0.3800000000000001 0 0.12 0.4000000000000001 0 0.14 0.42 0 0.16 0.4400000000000001 0 0.18 0.4600000000000001 0 0.2 0.48 0 0.22 0.5 0 0.24 0.5200000000000001 0 0.26 0.5400000000000001 0 0.2800000000000001 0.5600000000000002 0 0.3 0.5800000000000001 0 0.3200000000000001 0.6000000000000001 0 0.3400000000000001 0.6200000000000001 0 0.36 0.6400000000000001 0 0.3800000000000001 0.6600000000000001 0 0.4000000000000001 0.6800000000000002 0 0.42 0.7000000000000002 0 0.4400000000000001 0.7200000000000001 0 0.4600000000000001 0.7400000000000001 0 0.48 0.7600000000000001 0 0.5 0.7800000000000001 0 0.52 0.8000000000000002 0 0.5400000000000001 0.8200000000000002 0 0.5600000000000002 0.8400000000000001 0 0.5800000000000001 0.8600000000000001 0 0.6000000000000001 0.8800000000000001 0 0.6200000000000001 0.9000000000000001 0 0.6400000000000001 0.9200000000000002 0 0.6600000000000001 0.9400000000000002 0 0.6800000000000002 0.9600000000000001 0 0.7000000000000002 0.9800000000000001 0 0.7199999999999999 0.9999999999999999 0 4.308456143152174e-19 0.3 0 0.02 0.3200000000000001 0 0.04 0.3400000000000001 0 0.06 0.36 0 0.08 0.3800000000000001 0 0.1 0.4000000000000001 0 0.12 0.42 0 0.14 0.4400000000000001 0 0.16 0.4600000000000001 0 0.18 0.48 0 0.2 0.5 0 0.22 0.5200000000000001 0 0.24 0.5400000000000001 0 0.26 0.5600000000000002 0 0.2800000000000001 0.5800000000000001 0 0.3 0.6000000000000001 0 0.3200000000000001 0.6200000000000001 0 0.3400000000000001 0.6400000000000001 0 0.36 0.6600000000000001 0 0.3800000000000001 0.6800000000000002 0 0.4000000000000001 0.7000000000000002 0 0.42 0.7200000000000001 0 0.4400000000000001 0.7400000000000001 0 0.4600000000000001 0.7600000000000001 0 0.48 0.7800000000000001 0 0.5 0.8000000000000002 0 0.52 0.8200000000000002 0 0.5400000000000001 0.8400000000000001 0 0.5600000000000002 0.8600000000000001 0 0.5800000000000001 0.8800000000000001 0 0.6000000000000001 0.9000000000000001 0 0.6200000000000001 0.9200000000000002 0 0.6400000000000001 0.9400000000000002 0 0.6600000000000001 0.9600000000000001 0 0.6800000000000002 0.9800000000000001 0 0.7 0.9999999999999999 0 4.308456143152174e-19 0.32 0 0.02 0.3400000000000001 0 0.04 0.36 0 0.06 0.3800000000000001 0 0.08 0.4000000000000001 0 0.1 0.42 0 0.12 0.4400000000000001 0 0.14 0.4600000000000001 0 0.16 0.48 0 0.18 0.5 0 0.2 0.5200000000000001 0 0.22 0.5400000000000001 0 0.24 0.5600000000000002 0 0.26 0.5800000000000001 0 0.2800000000000001 0.6000000000000001 0 0.3 0.6200000000000001 0 0.3200000000000001 0.6400000000000001 0 0.3400000000000001 0.6600000000000001 0 0.36 0.6800000000000002 0 0.3800000000000001 0.7000000000000002 0 0.4000000000000001 0.7200000000000001 0 0.42 0.7400000000000001 0 0.4400000000000001 0.7600000000000001 0 0.4600000000000001 0.7800000000000001 0 0.48 0.8000000000000002 0 0.5 0.8200000000000002 0 0.52 0.8400000000000001 0 0.5400000000000001 0.8600000000000001 0 0.5600000000000002 0.8800000000000001 0 0.5800000000000001 0.9000000000000001 0 0.6000000000000001 0.9200000000000002 0 0.6200000000000001 0.9400000000000002 0 0.6400000000000001 0.9600000000000001 0 0.6600000000000001 0.9800000000000001 0 0.6799999999999999 0.9999999999999999 0 4.308456143152174e-19 0.34 0 0.02 0.36 0 0.04 0.3800000000000001 0 0.06 0.4000000000000001 0 0.08 0.42 0 0.1 0.4400000000000001 0 0.12 0.4600000000000001 0 0.14 0.48 0 0.16 0.5 0 0.18 0.5200000000000001 0 0.2 0.5400000000000001 0 0.22 0.5600000000000002 0 0.24 0.5800000000000001 0 0.26 0.6000000000000001 0 0.2800000000000001 0.6200000000000001 0 0.3 0.6400000000000001 0 0.3200000000000001 0.6600000000000001 0 0.3400000000000001 0.6800000000000002 0 0.36 0.7000000000000002 0 0.3800000000000001 0.7200000000000001 0 0.4000000000000001 0.7400000000000001 0 0.42 0.7600000000000001 0 0.4400000000000001 0.7800000000000001 0 0.4600000000000001 0.8000000000000002 0 0.48 0.8200000000000002 0 0.5 0.8400000000000001 0 0.52 0.8600000000000001 0 0.5400000000000001 0.8800000000000001 0 0.5600000000000002 0.9000000000000001 0 0.5800000000000001 0.9200000000000002 0 0.6000000000000001 0.9400000000000002 0 0.6200000000000001 0.9600000000000001 0 0.6400000000000001 0.9800000000000001 0 0.6599999999999999 0.9999999999999999 0 4.308456143152174e-19 0.36 0 0.02 0.3800000000000001 0 0.04 0.4000000000000001 0 0.06 0.42 0 0.08 0.4400000000000001 0 0.1 0.4600000000000001 0 0.12 0.48 0 0.14 0.5 0 0.16 0.5200000000000001 0 0.18 0.5400000000000001 0 0.2 0.5600000000000002 0 0.22 0.5800000000000001 0 0.24 0.6000000000000001 0 0.26 0.6200000000000001 0 0.2800000000000001 0.6400000000000001 0 0.3 0.6600000000000001 0 0.3200000000000001 0.6800000000000002 0 0.3400000000000001 0.7000000000000002 0 0.36 0.7200000000000001 0 0.3800000000000001 0.7400000000000001 0 0.4000000000000001 0.7600000000000001 0 0.42 0.7800000000000001 0 0.4400000000000001 0.8000000000000002 0 0.4600000000000001 0.8200000000000002 0 0.48 0.8400000000000001 0 0.5 0.8600000000000001 0 0.52 0.8800000000000001 0 0.5400000000000001 0.9000000000000001 0 0.5600000000000002 0.9200000000000002 0 0.5800000000000001 0.9400000000000002 0 0.6000000000000001 0.9600000000000001 0 0.6200000000000001 0.9800000000000001 0 0.6399999999999999 0.9999999999999999 0 4.308456143152174e-19 0.38 0 0.02 0.4000000000000001 0 0.04 0.42 0 0.06 0.4400000000000001 0 0.08 0.4600000000000001 0 0.1 0.48 0 0.12 0.5 0 0.14 0.5200000000000001 0 0.16 0.5400000000000001 0 0.18 0.5600000000000002 0 0.2 0.5800000000000001 0 0.22 0.6000000000000001 0 0.24 0.6200000000000001 0 0.26 0.6400000000000001 0 0.2800000000000001 0.6600000000000001 0 0.3 0.6800000000000002 0 0.3200000000000001 0.7000000000000002 0 0.3400000000000001 0.7200000000000001 0 0.36 0.7400000000000001 0 0.3800000000000001 0.7600000000000001 0 0.4000000000000001 0.7800000000000001 0 0.42 0.8000000000000002 0 0.4400000000000001 0.8200000000000002 0 0.4600000000000001 0.8400000000000001 0 0.48 0.8600000000000001 0 0.5 0.8800000000000001 0 0.52 0.9000000000000001 0 0.5400000000000001 0.9200000000000002 0 0.5600000000000002 0.9400000000000002 0 0.5800000000000001 0.9600000000000001 0 0.6000000000000001 0.9800000000000001 0 0.6199999999999999 0.9999999999999999 0 4.308456143152174e-19 0.4 0 0.02 0.42 0 0.04 0.4400000000000001 0 0.06 0.4600000000000001 0 0.08 0.48 0 0.1 0.5 0 0.12 0.5200000000000001 0 0.14 0.5400000000000001 0 0.16 0.5600000000000002 0 0.18 0.5800000000000001 0 0.2 0.6000000000000001 0 0.22 0.6200000000000001 0 0.24 0.6400000000000001 0 0.26 0.6600000000000001 0 0.2800000000000001 0.6800000000000002 0 0.3 0.7000000000000002 0 0.3200000000000001 0.7200000000000001 0 0.3400000000000001 0.7400000000000001 0 0.36 0.7600000000000001 0 0.3800000000000001 0.7800000000000001 0 0.4000000000000001 0.8000000000000002 0 0.42 0.8200000000000002 0 0.4400000000000001 0.8400000000000001 0 0.4600000000000001 0.8600000000000001 0 0.48 0.8800000000000001 0 0.5 0.9000000000000001 0 0.52 0.9200000000000002 0 0.5400000000000001 0.9400000000000002 0 0.5600000000000002 0.9600000000000001 0 0.5800000000000001 0.9800000000000001 0 0.5999999999999999 0.9999999999999999 0 4.308456143152174e-19 0.42 0 0.02 0.4400000000000001 0 0.04 0.4600000000000001 0 0.06 0.48 0 0.08 0.5 0 0.1 0.5200000000000001 0 0.12 0.5400000000000001 0 0.14 0.5600000000000002 0 0.16 0.5800000000000001 0 0.18 0.6000000000000001 0 0.2 0.6200000000000001 0 0.22 0.6400000000000001 0 0.24 0.6600000000000001 0 0.26 0.6800000000000002 0 0.2800000000000001 0.7000000000000002 0 0.3 0.7200000000000001 0 0.3200000000000001 0.7400000000000001 0 0.3400000000000001 0.7600000000000001 0 0.36 0.7800000000000001 0 0.3800000000000001 0.8000000000000002 0 0.4000000000000001 0.8200000000000002 0 0.42 0.8400000000000001 0 0.4400000000000001 0.8600000000000001 0 0.4600000000000001 0.8800000000000001 0 0.48 0.9000000000000001 0 0.5 0.9200000000000002 0 0.52 0.9400000000000002 0 0.5400000000000001 0.9600000000000001 0 0.5600000000000002 0.9800000000000001 0 0.5799999999999998 0.9999999999999999 0 4.308456143152174e-19 0.44 0 0.02 0.4600000000000001 0 0.04 0.48 0 0.06 0.5 0 0.08 0.5200000000000001 0 0.1 0.5400000000000001 0 0.12 0.5600000000000002 0 0.14 0.5800000000000001 0 0.16 0.6000000000000001 0 0.18 0.6200000000000001 0 0.2 0.6400000000000001 0 0.22 0.6600000000000001 0 0.24 0.6800000000000002 0 0.26 0.7000000000000002 0 0.2800000000000001 0.7200000000000001 0 0.3 0.7400000000000001 0 0.3200000000000001 0.7600000000000001 0 0.3400000000000001 0.7800000000000001 0 0.36 0.8000000000000002 0 0.3800000000000001 0.8200000000000002 0 0.4000000000000001 0.8400000000000001 0 0.42 0.8600000000000001 0 0.4400000000000001 0.8800000000000001 0 0.4600000000000001 0.9000000000000001 0 0.48 0.9200000000000002 0 0.5 0.9400000000000002 0 0.52 0.9600000000000001 0 0.5400000000000001 0.9800000000000001 0 0.5599999999999999 0.9999999999999999 0 4.308456143152174e-19 0.46 0 0.02 0.48 0 0.04 0.5 0 0.06 0.5200000000000001 0 0.08 0.5400000000000001 0 0.1 0.5600000000000002 0 0.12 0.5800000000000001 0 0.14 0.6000000000000001 0 0.16 0.6200000000000001 0 0.18 0.6400000000000001 0 0.2 0.6600000000000001 0 0.22 0.6800000000000002 0 0.24 0.7000000000000002 0 0.26 0.7200000000000001 0 0.2800000000000001 0.7400000000000001 0 0.3 0.7600000000000001 0 0.3200000000000001 0.7800000000000001 0 0.3400000000000001 0.8000000000000002 0 0.36 0.8200000000000002 0 0.3800000000000001 0.8400000000000001 0 0.4000000000000001 0.8600000000000001 0 0.42 0.8800000000000001 0 0.4400000000000001 0.9000000000000001 0 0.4600000000000001 0.9200000000000002 0 0.48 0.9400000000000002 0 0.5 0.9600000000000001 0 0.52 0.9800000000000001 0 0.5399999999999999 0.9999999999999999 0 4.308456143152174e-19 0.48 0 0.02 0.5 0 0.04 0.5200000000000001 0 0.06 0.5400000000000001 0 0.08 0.5600000000000002 0 0.1 0.5800000000000001 0 0.12 0.6000000000000001 0 0.14 0.6200000000000001 0 0.16 0.6400000000000001 0 0.18 0.6600000000000001 0 0.2 0.6800000000000002 0 0.22 0.7000000000000002 0 0.24 0.7200000000000001 0 0.26 0.7400000000000001 0 0.2800000000000001 0.7600000000000001 0 0.3 0.7800000000000001 0 0.3200000000000001 0.8000000000000002 0 0.3400000000000001 0.8200000000000002 0 0.36 0.8400000000000001 0 0.3800000000000001 0.8600000000000001 0 0.4000000000000001 0.8800000000000001 0 0.42 0.9000000000000001 0 0.4400000000000001 0.9200000000000002 0 0.4600000000000001 0.9400000000000002 0 0.48 0.9600000000000001 0 0.5 0.9800000000000001 0 0.52 0.9999999999999999 0 4.308456143152174e-19 0.5 0 0.02 0.5200000000000001 0 0.04 0.5400000000000001 0 0.06 0.5600000000000002 0 0.08 0.5800000000000001 0 0.1 0.6000000000000001 0 0.12 0.6200000000000001 0 0.14 0.6400000000000001 0 0.16 0.6600000000000001 0 0.18 0.6800000000000002 0 0.2 0.7000000000000002 0 0.22 0.7200000000000001 0 0.24 0.7400000000000001 0 0.26 0.7600000000000001 0 0.2800000000000001 0.7800000000000001 0 0.3 0.8000000000000002 0 0.3200000000000001 0.8200000000000002 0 0.3400000000000001 0.8400000000000001 0 0.36 0.8600000000000001 0 0.3800000000000001 0.8800000000000001 0 0.4000000000000001 0.9000000000000001 0 0.42 0.9200000000000002 0 0.4400000000000001 0.9400000000000002 0 0.4600000000000001 0.9600000000000001 0 0.48 0.9800000000000001 0 0.4999999999999999 0.9999999999999999 0 4.308456143152174e-19 0.52 0 0.02 0.5400000000000001 0 0.04 0.5600000000000002 0 0.06 0.5800000000000001 0 0.08 0.6000000000000001 0 0.1 0.6200000000000001 0 0.12 0.6400000000000001 0 0.14 0.6600000000000001 0 0.16 0.6800000000000002 0 0.18 0.7000000000000002 0 0.2 0.7200000000000001 0 0.22 0.7400000000000001 0 0.24 0.7600000000000001 0 0.26 0.7800000000000001 0 0.2800000000000001 0.8000000000000002 0 0.3 0.8200000000000002 0 0.3200000000000001 0.8400000000000001 0 0.3400000000000001 0.8600000000000001 0 0.36 0.8800000000000001 0 0.3800000000000001 0.9000000000000001 0 0.4000000000000001 0.9200000000000002 0 0.42 0.9400000000000002 0 0.4400000000000001 0.9600000000000001 0 0.4600000000000001 0.9800000000000001 0 0.4799999999999999 0.9999999999999999 0 4.308456143152174e-19 0.54 0 0.02 0.5600000000000002 0 0.04 0.5800000000000001 0 0.06 0.6000000000000001 0 0.08 0.6200000000000001 0 0.1 0.6400000000000001 0 0.12 0.6600000000000001 0 0.14 0.6800000000000002 0 0.16 0.7000000000000002 0 0.18 0.7200000000000001 0 0.2 0.7400000000000001 0 0.22 0.7600000000000001 0 0.24 0.7800000000000001 0 0.26 0.8000000000000002 0 0.2800000000000001 0.8200000000000002 0 0.3 0.8400000000000001 0 0.3200000000000001 0.8600000000000001 0 0.3400000000000001 0.8800000000000001 0 0.36 0.9000000000000001 0 0.3800000000000001 0.9200000000000002 0 0.4000000000000001 0.9400000000000002 0 0.42 0.9600000000000001 0 0.4400000000000001 0.9800000000000001 0 0.46 0.9999999999999999 0 4.308456143152174e-19 0.5600000000000001 0 0.02 0.5800000000000001 0 0.04 0.6000000000000001 0 0.06 0.6200000000000001 0 0.08 0.6400000000000001 0 0.1 0.6600000000000001 0 0.12 0.6800000000000002 0 0.14 0.7000000000000002 0 0.16 0.7200000000000001 0 0.18 0.7400000000000001 0 0.2 0.7600000000000001 0 0.22 0.7800000000000001 0 0.24 0.8000000000000002 0 0.26 0.8200000000000002 0 0.2800000000000001 0.8400000000000001 0 0.3 0.8600000000000001 0 0.3200000000000001 0.8800000000000001 0 0.3400000000000001 0.9000000000000001 0 0.36 0.9200000000000002 0 0.3800000000000001 0.9400000000000002 0 0.4000000000000001 0.9600000000000001 0 0.42 0.9800000000000001 0 0.4399999999999999 0.9999999999999999 0 4.308456143152174e-19 0.58 0 0.02 0.6000000000000001 0 0.04 0.6200000000000001 0 0.06 0.6400000000000001 0 0.08 0.6600000000000001 0 0.1 0.6800000000000002 0 0.12 0.7000000000000002 0 0.14 0.7200000000000001 0 0.16 0.7400000000000001 0 0.18 0.7600000000000001 0 0.2 0.7800000000000001 0 0.22 0.8000000000000002 0 0.24 0.8200000000000002 0 0.26 0.8400000000000001 0 0.2800000000000001 0.8600000000000001 0 0.3 0.8800000000000001 0 0.3200000000000001 0.9000000000000001 0 0.3400000000000001 0.9200000000000002 0 0.36 0.9400000000000002 0 0.3800000000000001 0.9600000000000001 0 0.4000000000000001 0.9800000000000001 0 0.4199999999999999 0.9999999999999999 0 4.308456143152174e-19 0.6 0 0.02 0.6200000000000001 0 0.04 0.6400000000000001 0 0.06 0.6600000000000001 0 0.08 0.6800000000000002 0 0.1 0.7000000000000002 0 0.12 0.7200000000000001 0 0.14 0.7400000000000001 0 0.16 0.7600000000000001 0 0.18 0.7800000000000001 0 0.2 0.8000000000000002 0 0.22 0.8200000000000002 0 0.24 0.8400000000000001 0 0.26 0.8600000000000001 0 0.2800000000000001 0.8800000000000001 0 0.3 0.9000000000000001 0 0.3200000000000001 0.9200000000000002 0 0.3400000000000001 0.9400000000000002 0 0.36 0.9600000000000001 0 0.3800000000000001 0.9800000000000001 0 0.4 0.9999999999999999 0 4.308456143152174e-19 0.62 0 0.02 0.6400000000000001 0 0.04 0.6600000000000001 0 0.06 0.6800000000000002 0 0.08 0.7000000000000002 0 0.1 0.7200000000000001 0 0.12 0.7400000000000001 0 0.14 0.7600000000000001 0 0.16 0.7800000000000001 0 0.18 0.8000000000000002 0 0.2 0.8200000000000002 0 0.22 0.8400000000000001 0 0.24 0.8600000000000001 0 0.26 0.8800000000000001 0 0.2800000000000001 0.9000000000000001 0 0.3 0.9200000000000002 0 0.3200000000000001 0.9400000000000002 0 0.3400000000000001 0.9600000000000001 0 0.36 0.9800000000000001 0 0.3799999999999999 0.9999999999999999 0 4.308456143152174e-19 0.64 0 0.02 0.6600000000000001 0 0.04 0.6800000000000002 0 0.06 0.7000000000000002 0 0.08 0.7200000000000001 0 0.1 0.7400000000000001 0 0.12 0.7600000000000001 0 0.14 0.7800000000000001 0 0.16 0.8000000000000002 0 0.18 0.8200000000000002 0 0.2 0.8400000000000001 0 0.22 0.8600000000000001 0 0.24 0.8800000000000001 0 0.26 0.9000000000000001 0 0.2800000000000001 0.9200000000000002 0 0.3 0.9400000000000002 0 0.3200000000000001 0.9600000000000001 0 0.3400000000000001 0.9800000000000001 0 0.3599999999999999 0.9999999999999999 0 4.308456143152174e-19 0.66 0 0.02 0.6800000000000002 0 0.04 0.7000000000000002 0 0.06 0.7200000000000001 0 0.08 0.7400000000000001 0 0.1 0.7600000000000001 0 0.12 0.7800000000000001 0 0.14 0.8000000000000002 0 0.16 0.8200000000000002 0 0.18 0.8400000000000001 0 0.2 0.8600000000000001 0 0.22 0.8800000000000001 0 0.24 0.9000000000000001 0 0.26 0.9200000000000002 0 0.2800000000000001 0.9400000000000002 0 0.3 0.9600000000000001 0 0.3200000000000001 0.9800000000000001 0 0.34 0.9999999999999999 0 4.308456143152174e-19 0.68 0 0.02 0.7000000000000002 0 0.04 0.7200000000000001 0 0.06 0.7400000000000001 0 0.08 0.7600000000000001 0 0.1 0.7800000000000001 0 0.12 0.8000000000000002 0 0.14 0.8200000000000002 0 0.16 0.8400000000000001 0 0.18 0.8600000000000001 0 0.2 0.8800000000000001 0 0.22 0.9000000000000001 0 0.24 0.9200000000000002 0 0.26 0.9400000000000002 0 0.2800000000000001 0.9600000000000001 0 0.3 0.9800000000000001 0 0.32 0.9999999999999999 0 4.308456143152174e-19 0.7000000000000001 0 0.02 0.7200000000000001 0 0.04 0.7400000000000001 0 0.06 0.7600000000000001 0 0.08 0.7800000000000001 0 0.1 0.8000000000000002 0 0.12 0.8200000000000002 0 0.14 0.8400000000000001 0 0.16 0.8600000000000001 0 0.18 0.8800000000000001 0 0.2 0.9000000000000001 0 0.22 0.9200000000000002 0 0.24 0.9400000000000002 0 0.26 0.9600000000000001 0 0.2800000000000001 0.9800000000000001 0 0.2999999999999999 0.9999999999999999 0 4.308456143152174e-19 0.72 0 0.02 0.7400000000000001 0 0.04 0.7600000000000001 0 0.06 0.7800000000000001 0 0.08 0.8000000000000002 0 0.1 0.8200000000000002 0 0.12 0.8400000000000001 0 0.14 0.8600000000000001 0 0.16 0.8800000000000001 0 0.18 0.9000000000000001 0 0.2 0.9200000000000002 0 0.22 0.9400000000000002 0 0.24 0.9600000000000001 0 0.26 0.9800000000000001 0 0.28 0.9999999999999999 0 4.308456143152174e-19 0.74 0 0.02 0.7600000000000001 0 0.04 0.7800000000000001 0 0.06 0.8000000000000002 0 0.08 0.8200000000000002 0 0.1 0.8400000000000001 0 0.12 0.8600000000000001 0 0.14 0.8800000000000001 0 0.16 0.9000000000000001 0 0.18 0.9200000000000002 0 0.2 0.9400000000000002 0 0.22 0.9600000000000001 0 0.24 0.9800000000000001 0 0.26 0.9999999999999999 0 4.308456143152174e-19 0.76 0 0.02 0.7800000000000001 0 0.04 0.8000000000000002 0 0.06 0.8200000000000002 0 0.08 0.8400000000000001 0 0.1 0.8600000000000001 0 0.12 0.8800000000000001 0 0.14 0.9000000000000001 0 0.16 0.9200000000000002 0 0.18 0.9400000000000002 0 0.2 0.9600000000000001 0 0.22 0.9800000000000001 0 0.24 0.9999999999999999 0 4.308456143152174e-19 0.78 0 0.02 0.8000000000000002 0 0.04 0.8200000000000002 0 0.06 0.8400000000000001 0 0.08 0.8600000000000001 0 0.1 0.8800000000000001 0 0.12 0.9000000000000001 0 0.14 0.9200000000000002 0 0.16 0.9400000000000002 0 0.18 0.9600000000000001 0 0.2 0.9800000000000001 0 0.22 0.9999999999999999 0 4.308456143152174e-19 0.8 0 0.02 0.8200000000000002 0 0.04 0.8400000000000001 0 0.06 0.8600000000000001 0 0.08 0.8800000000000001 0 0.1 0.9000000000000001 0 0.12 0.9200000000000002 0 0.14 0.9400000000000002 0 0.16 0.9600000000000001 0 0.18 0.9800000000000001 0 0.2 0.9999999999999999 0 4.308456143152174e-19 0.8200000000000001 0 0.02 0.8400000000000001 0 0.04 0.8600000000000001 0 0.06 0.8800000000000001 0 0.08 0.9000000000000001 0 0.1 0.9200000000000002 0 0.12 0.9400000000000002 0 0.14 0.9600000000000001 0 0.16 0.9800000000000001 0 0.18 0.9999999999999999 0 4.308456143152174e-19 0.84 0 0.02 0.8600000000000001 0 0.04 0.8800000000000001 0 0.06 0.9000000000000001 0 0.08 0.9200000000000002 0 0.1 0.9400000000000002 0 0.12 0.9600000000000001 0 0.14 0.9800000000000001 0 0.16 0.9999999999999999 0 4.308456143152174e-19 0.86 0 0.02 0.8800000000000001 0 0.04 0.9000000000000001 0 0.06 0.9200000000000002 0 0.08 0.9400000000000002 0 0.1 0.9600000000000001 0 0.12 0.9800000000000001 0 0.14 0.9999999999999999 0 4.308456143152174e-19 0.88 0 0.02 0.9000000000000001 0 0.04 0.9200000000000002 0 0.06 0.9400000000000002 0 0.08 0.9600000000000001 0 0.1 0.9800000000000001 0 0.12 0.9999999999999999 0 4.308456143152174e-19 0.9 0 0.02 0.9200000000000002 0 0.04 0.9400000000000002 0 0.06 0.9600000000000001 0 0.08 0.9800000000000001 0 0.09999999999999999 0.9999999999999999 0 4.308456143152174e-19 0.92 0 0.02 0.9400000000000002 0 0.04 0.9600000000000001 0 0.06 0.9800000000000001 0 0.08 0.9999999999999999 0 4.308456143152174e-19 0.9400000000000001 0 0.02 0.9600000000000001 0 0.04 0.9800000000000001 0 0.05999999999999999 0.9999999999999999 0 4.308456143152174e-19 0.96 0 0.02 0.9800000000000001 0 0.04 0.9999999999999999 0 4.308456143152174e-19 0.98 0 0.02 0.9999999999999999 0 -4.308456143152174e-19 1 0 </DataArray>
      </Points>
      <Cells>
        <DataArray type="Int32" Name="connectivity" format="ascii">0 1 2 0 3 2 4 0 3 3 2 5 4 6 3 3 7 5 8 4 6 6 3 7 7 5 9 8 10 6 6 11 7 7 12 9 13 8 10 10 6 11 11 7 12 12 9 14 13 15 10 10 16 11 11 17 12 12 18 14 19 13 15 15 10 16 16 11 17 17 12 18 18 14 20 19 21 15 15 22 16 16 23 17 17 24 18 18 25 20 26 19 21 21 15 22 22 16 23 23 17 24 24 18 25 25 20 27 26 28 21 21 29 22 22 30 23 23 31 24 24 32 25 25 33 27 34 26 28 28 21 29 29 22 30 30 23 31 31 24 32 32 25 33 33 27 35 34 36 28 28 37 29 29 38 30 30 39 31 31 40 32 32 41 33 33 42 35 43 34 36 36 28 37 37 29 38 38 30 39 39 31 40 40 32 41 41 33 42 42 35 44 43 45 36 36 46 37 37 47 38 38 48 39 39 49 40 40 50 41 41 51 42 42 52 44 53 43 45 45 36 46 46 37 47 47 38 48 48 39 49 49 40 50 50 41 51 51 42 52 52 44 54 53 55 45 45 56 46 46 57 47 47 58 48 48 59 49 49 60 50 50 61 51 51 62 52 52 63 54 64 53 55 55 45 56 56 46 57 57 47 58 58 48 59 59 49 60 60 50 61 61 51 62 62 52 63 63 54 65 64 66 55 55 67 56 56 68 57 57 69 58 58 70 59 59 71 60 60 72 61 61 73 62 62 74 63 63 75 65 76 64 66 66 55 67 67 56 68 68 57 69 69 58 70 70 59 71 71 60 72 72 61 73 73 62 74 74 63 75 75 65 77 76 78 66 66 79 67 67 80 68 68 81 69 69 82 70 70 83 71 71 84 72 72 85 73 73 86 74 74 87 75 75 88 77 89 76 78 78 66 79 79 67 80 80 68 81 81 69 82 82 70 83 83 71 84 84 72 85 85 73 86 86 74 87 87 75 88 88 77 90 89 91 78 78 92 79 79 93 80 80 94 81 81 95 82 82 96 83 83 97 84 84 98 85 85 99 86 86 100 87 87 101 88 88 102 90 103 89 91 91 78 92 92 79 93 93 80 94 94 81 95 95 82 96 96 83 97 97 84 98 98 85 99 99 86 100 100 87 101 101 88 102 102 90 104 103 105 91 91 106 92 92 107 93 93 108 94 94 109 95 95 110 96 96 111 97 97 112 98 98 113 99 99 114 100 100 115 101 101 116 102 102 117 104 118 103 105 105 91 106 106 92 107 107 93 108 108 94 109 109 95 110 110 96 111 111 97 112 112 98 113 113 99 114 114 100 115 115 101 116 116 102 117 117 104 119 118 120 105 105 121 106 106 122 107 107 123 108 108 124 109 109 125 110 110 126 111 111 127 112 112 128 113 113 129 114 114 130 115 115 131 116 116 132 117 117 133 119 134 118 120 120 105 121 121 106 122 122 107 123 123 108 124 124 109 125 125 110 126 126 111 127 127 112 128 128 113 129 129 114 130 130 115 131 131 116 132 132 117 133 133 119 135 134 136 120 120 137 121 121 138 122 122 139 123 123 140 124 124 141 125 125 142 126 126 143 127 127 144 128 128 145 129 129 146 130 130 147 131 131 148 132 132 149 133 133 150 135 151 134 136 136 120 137 137 121 138 138 122 139 139 123 140 140 124 141 141 125 142 142 126 143 143 127 144 144 128 145 145 129 146 146 130 147 147 131 148 148 132 149 149 133 150 150 135 152 151 153 136 136 154 137 137 155 138 138 156 139 139 157 140 140 158 141 141 159 142 142 160 143 143 161 144 144 162 145 145 163 146 146 164 147 147 165 148 148 166 149 149 167 150 150 168 152 169 151 153 153 136 154 154 137 155 155 138 156 156 139 157 157 140 158 158 141 159 159 142 160 160 143 161 161 144 162 162 145 163 163 146 164 164 147 165 165 148 166 166 149 167 167 150 168 168 152 170 169 171 153 153 172 154 154 173 155 155 174 156 156 175 157 157 176 158 158 177 159 159 178 160 160 179 161 161 180 162 162 181 163 163 182 164 164 183 165 165 184 166 166 185 167 167 186 168 168 187 170 188 169 171 171 153 172 172 154 173 173 155 174 174 156 175 175 157 176 176 158 177 177 159 178 178 160 179 179 161 180 180 162 181 181 163 182 182 164 183 183 165 184 184 166 185 185 167 186 186 168 187 187 170 189 188 190 171 171 191 172 172 192 173 173 193 174 174 194 175 175 195 176 176 196 177 177 197 178 178 198 179 179 199 180 180 200 181 181 201 182 182 202 183 183 203 184 184 204 185 185 205 186 186 206 187 187 207 189 208 188 190 190 171 191 191 172 192 192 173 193 193 174 194 194 175 195 195 176 196 196 177 197 197 178 198 198 179 199 199 180 200 200 181 201 201 182 202 202 183 203 203 184 204 204 185 205 205 186 206 206 187 207 207 189 209 208 210 190 190 211 191 191 212 192 192 213 193 193 214 194 194 215 195 195 216 196 196 217 197 197 218 198 198 219 199 199 220 200 200 221 201 201 222 202 202 223 203 203 224 204 204 225 205 205 226 206 206 227 207 207 228 209 229 208 210 210 190 211 211 191 212 212 192 213 213 193 214 214 194 215 215 195 216 216 196 217 217 197 218 218 198 219 219 199 220 220 200 221 221 201 222 222 202 223 223 203 224 224 204 225 225 205 226 226 206 227 227 207 228 228 209 230 229 231 210 210 232 211 211 233 212 212 234 213 213 235 214 214 236 215 215 237 216 216 238 217 217 239 218 218 240 219 219 241 220 220 242 221 221 243 222 222 244 223 223 245 224 224 246 225 225 247 226 226 248 227 227 249 228 228 250 230 251 229 231 231 210 232 232 211 233 233 212 234 234 213 235 235 214 236 236 215 237 237 216 238 238 217 239 239 218 240 240 219 241 241 220 242 242 221 243 243 222 244 244 223 245 245 224 246 246 225 247 247 226 248 248 227 249 249 228 250 250 230 252 251 253 231 231 254 232 232 255 233 233 256 234 234 257 235 235 258 236 236 259 237 237 260 238 238 261 239 239 262 240 240 263 241 241 264 242 242 265 243 243 266 244 244 267 245 245 268 246 246 269 247 247 270 248 248 271 249 249 272 250 250 273 252 274 251 253 253 231 254 254 232 255 255 233 256 256 234 257 257 235 258 258 236 259 259 237 260 260 238 261 261 239 262 262 240 263 263 241 264 264 242 265 265 243 266 266 244 267 267 245 268 268 246 269 269 247 270 270 248 271 271 249 272 272 250 273 273 252 275 274 276 253 253 277 254 254 278 255 255 279 256 256 280 257 257 281 258 258 282 259 259 283 260 260 284 261 261 285 262 262 286 263 263 287 264 264 288 265 265 289 266 266 290 267 267 291 268 268 292 269 269 293 270 270 294 271 271 295 272 272 296 273 273 297 275 298 274 276 276 253 277 277 254 278 278 255 279 279 256 280 280 257 281 281 258 282 282 259 283 283 260 284 284 261 285 285 262 286 286 263 287 287 264 288 288 265 289 289 266 290 290 267 291 291 268 292 292 269 293 293 270 294 294 271 295 295 272 296 296 273 297 297 275 299 298 300 276 276 301 277 277 302 278 278 303 279 279 304 280 280 305 281 281 306 282 282 307 283 283 308 284 284 309 285 285 310 286 286 311 287 287 312 288 288 313 289 289 314 290 290 315 291 291 316 292 292 317 293 293 318 294 294 319 295 295 320 296 296 321 297 297 322 299 323 298 300 300 276 301 301 277 302 302 278 303 303 279 304 304 280 305 305 281 306 306 282 307 307 283 308 308 284 309 309 285 310 310 286 311 311 287 312 312 288 313 313 289 314 314 290 315 315 291 316 316 292 317 317 293 318 318 294 319 319 295 320 320 296 321 321 297 322 322 299 324 323 325 300 300 326 301 301 327 302 302 328 303 303 329 304 304 330 305 305 331 306 306 332 307 307 333 308 308 334 309 309 335 310 310 336 311 311 337 312 312 338 313 313 339 314 314 340 315 315 341 316 316 342 317 317 343 318 318 344 319 319 345 320 320 346 321 321 347 322 322 348 324 349 323 325 325 300 326 326 301 327 327 302 328 328 303 329 329 304 330 330 305 331 331 306 332 332 307 333 333 308 334 334 309 335 335 310 336 336 311 337 337 312 338 338 313 339 339 314 340 340 315 341 341 316 342 342 317 343 343 318 344 344 319 345 345 320 346 346 321 347 347 322 348 348 324 350 349 351 325 325 352 326 326 353 327 327 354 328 328 355 329 329 356 330 330 357 331 331 358 332 332 359 333 333 360 334 334 361 335 335 362 336 336 363 337 337 364 338 338 365 339 339 366 340 340 367 341 341 368 342 342 369 343 343 370 344 344 371 345 345 372 346 346 373 347 347 374 348 348 375 350 376 349 351 351 325 352 352 326 353 353 327 354 354 328 355 355 329 356 356 330 357 357 331 358 358 332 359 359 333 360 360 334 361 361 335 362 362 336 363 363 337 364 364 338 365 365 339 366 366 340 367 367 341 368 368 342 369 369 343 370 370 344 371 371 345 372 372 346 373 373 347 374 374 348 375 375 350 377 376 378 351 351 379 352 352 380 353 353 381 354 354 382 355 355 383 356 356 384 357 357 385 358 358 386 359 359 387 360 360 388 361 361 389 362 362 390 363 363 391 364 364 392 365 365 393 366 366 394 367 367 395 368 368 396 369 369 397 370 370 398 371 371 399 372 372 400 373 373 401 374 374 402 375 375 403 377 404 376 378 378 351 379 379 352 380 380 353 381 381 354 382 382 355 383 383 356 384 384 357 385 385 358 386 386 359 387 387 360 388 388 361 389 389 362 390 390 363 391 391 364 392 392 365 393 393 366 394 394 367 395 395 368 396 396 369 397 397 370 398 398 371 399 399 372 400 400 373 401 401 374 402 402 375 403 403 377 405 404 406 378 378 407 379 379 408 380 380 409 381 381 410 382 382 411 383 383 412 384 384 413 385 385 414 386 386 415 387 387 416 388 388 417 389 389 418 390 390 419 391 391 420 392 392 421 393 393 422 394 394 423 395 395 424 396 396 425 397 397 426 398 398 427 399 399 428 400 400 429 401 401 430 402 402 431 403 403 432 405 433 404 406 406 378 407 407 379 408 408 380 409 409 381 410 410 382 411 411 383 412 412 384 413 413 385 414 414 386 415 415 387 416 416 388 417 417 389 418 418 390 419 419 391 420 420 392 421 421 393 422 422 394 423 423 395 424 424 396 425 425 397 426 426 398 427 427 399 428 428 400 429 429 401 430 430 402 431 431 403 432 432 405 434 433 435 406 406 436 407 407 437 408 408 438 409 409 439 410 410 440 411 411 441 412 412 442 413 413 443 414 414 444 415 415 445 416 416 446 417 417 447 418 418 448 419 419 449 420 420 450 421 421 451 422 422 452 423 423 453 424 424 454 425 425 455 426 426 456 427 427 457 428 428 458 429 429 459 430 430 460 431 431 461 432 432 462 434 463 433 435 435 406 436 436 407 437 437 408 438 438 409 439 439 410 440 440 411 441 441 412 442 442 413 443 443 414 444 444 415 445 445 416 446 446 417 447 447 418 448 448 419 449 449 420 450 450 421 451 451 422 452 452 423 453 453 424 454 454 425 455 455 426 456 456 427 457 457 428 458 458 429 459 459 430 460 460 431 461 461 432 462 462 434 464 463 465 435 435 466 436 436 467 437 437 468 438 438 469 439 439 470 440 440 471 441 441 472 442 442 473 443 443 474 444 444 475 445 445 476 446 446 477 447 447 478 448 448 479 449 449 480 450 450 481 451 451 482 452 452 483 453 453 484 454 454 485 455 455 486 456 456 487 457 457 488 458 458 489 459 459 490 460 460 491 461 461 492 462 462 493 464 494 463 465 465 435 466 466 436 467 467 437 468 468 438 469 469 439 470 470 440 471 471 441 472 472 442 473 473 443 474 474 444 475 475 445 476 476 446 477 477 447 478 478 448 479 479 449 480 480 450 481 481 451 482 482 452 483 483 453 484 484 454 485 485 455 486 486 456 487 487 457 488 488 458 489 489 459 490 490 460 491 491 461 492 492 462 493 493 464 495 494 496 465 465 497 466 466 498 467 467 499 468 468 500 469 469 501 470 470 502 471 471 503 472 472 504 473 473 505 474 474 506 475 475 507 476 476 508 477 477 509 478 478 510 479 479 511 480 480 512 481 481 513 482 482 514 483 483 515 484 484 516 485 485 517 486 486 518 487 487 519 488 488 520 489 489 521 490 490 522 491 491 523 492 492 524 493 493 525 495 526 494 496 496 465 497 497 466 498 498 467 499 499 468 500 500 469 501 501 470 502 502 471 503 503 472 504 504 473 505 505 474 506 506 475 507 507 476 508 508 477 509 509 478 510 510 479 511 511 480 512 512 481 513 513 482 514 514 483 515 515 484 516 516 485 517 517 486 518 518 487 519 519 488 520 520 489 521 521 490 522 522 491 523 523 492 524 524 493 525 525 495 527 526 528 496 496 529 497 497 530 498 498 531 499 499 532 500 500 533 501 501 534 502 502 535 503 503 536 504 504 537 505 505 538 506 506 539 507 507 540 508 508 541 509 509 542 510 510 543 511 511 544 512 512 545 513 513 546 514 514 547 515 515 548 516 516 549 517 517 550 518 518 551 519 519 552 520 520 553 521 521 554 522 522 555 523 523 556 524 524 557 525 525 558 527 559 526 528 528 496 529 529 497 530 530 498 531 531 499 532 532 500 533 533 501 534 534 502 535 535 503 536 536 504 537 537 505 538 538 506 539 539 507 540 540 508 541 541 509 542 542 510 543 543 511 544 544 512 545 545 513 546 546 514 547 547 515 548 548 516 549 549 517 550 550 518 551 551 519 552 552 520 553 553 521 554 554 522 555 555 523 556 556 524 557 557 525 558 558 527 560 559 561 528 528 562 529 529 563 530 530 564 531 531 565 532 532 566 533 533 567 534 534 568 535 535 569 536 536 570 537 537 571 538 538 572 539 539 573 540 540 574 541 541 575 542 542 576 543 543 577 544 544 578 545 545 579 546 546 580 547 547 581 548 548 582 549 549 583 550 550 584 551 551 585 552 552 586 553 553 587 554 554 588 555 555 589 556 556 590 557 557 591 558 558 592 560 593 559 561 561 528 562 562 529 563 563 530 564 564 531 565 565 532 566 566 533 567 567 534 568 568 535 569 569 536 570 570 537 571 571 538 572 572 539 573 573 540 574 574 541 575 575 542 576 576 543 577 577 544 578 578 545 579 579 546 580 580 547 581 581 548 582 582 549 583 583 550 584 584 551 585 585 552 586 586 553 587 587 554 588 588 555 589 589 556 590 590 557 591 591 558 592 592 560 594 593 595 561 561 596 562 562 597 563 563 598 564 564 599 565 565 600 566 566 601 567 567 602 568 568 603 569 569 604 570 570 605 571 571 606 572 572 607 573 573 608 574 574 609 575 575 610 576 576 611 577 577 612 578 578 613 579 579 614 580 580 615 581 581 616 582 582 617 583 583 618 584 584 619 585 585 620 586 586 621 587 587 622 588 588 623 589 589 624 590 590 625 591 591 626 592 592 627 594 628 593 595 595 561 596 596 562 597 597 563 598 598 564 599 599 565 600 600 566 601 601 567 602 602 568 603 603 569 604 604 570 605 605 571 606 606 572 607 607 573 608 608 574 609 609 575 610 610 576 611 611 577 612 612 578 613 613 579 614 614 580 615 615 581 616 616 582 617 617 583 618 618 584 619 619 585 620 620 586 621 621 587 622 622 588 623 623 589 624 624 590 625 625 591 626 626 592 627 627 594 629 628 630 595 595 631 596 596 632 597 597 633 598 598 634 599 599 635 600 600 636 601 601 637 602 602 638 603 603 639 604 604 640 605 605 641 606 606 642 607 607 643 608 608 644 609 609 645 610 610 646 611 611 647 612 612 648 613 613 649 614 614 650 615 615 651 616 616 652 617 617 653 618 618 654 619 619 655 620 620 656 621 621 657 622 622 658 623 623 659 624 624 660 625 625 661 626 626 662 627 627 663 629 664 628 630 630 595 631 631 596 632 632 597 633 633 598 634 634 599 635 635 600 636 636 601 637 637 602 638 638 603 639 639 604 640 640 605 641 641 606 642 642 607 643 643 608 644 644 609 645 645 610 646 646 611 647 647 612 648 648 613 649 649 614 650 650 615 651 651 616 652 652 617 653 653 618 654 654 619 655 655 620 656 656 621 657 657 622 658 658 623 659 659 624 660 660 625 661 661 626 662 662 627 663 663 629 665 664 666 630 630 667 631 631 668 632 632 669 633 633 670 634 634 671 635 635 672 636 636 673 637 637 674 638 638 675 639 639 676 640 640 677 641 641 678 642 642 679 643 643 680 644 644 681 645 645 682 646 646 683 647 647 684 648 648 685 649 649 686 650 650 687 651 651 688 652 652 689 653 653 690 654 654 691 655 655 692 656 656 693 657 657 694 658 658 695 659 659 696 660 660 697 661 661 698 662 662 699 663 663 700 665 701 664 666 666 630 667 667 631 668 668 632 669 669 633 670 670 634 671 671 635 672 672 636 673 673 637 674 674 638 675 675 639 676 676 640 677 677 641 678 678 642 679 679 643 680 680 644 681 681 645 682 682 646 683 683 647 684 684 648 685 685 649 686 686 650 687 687 651 688 688 652 689 689 653 690 690 654 691 691 655 692 692 656 693 693 657 694 694 658 695 695 659 696 696 660 697 697 661 698 698 662 699 699 663 700 700 665 702 701 703 666 666 704 667 667 705 668 668 706 669 669 707 670 670 708 671 671 709 672 672 710 673 673 711 674 674 712 675 675 713 676 676 714 677 677 715 678 678 716 679 679 717 680 680 718 681 681 719 682 682 720 683 683 721 684 684 722 685 685 723 686 686 724 687 687 725 688 688 726 689 689 727 690 690 728 691 691 729 692 692 730 693 693 731 694 694 732 695 695 733 696 696 734 697 697 735 698 698 736 699 699 737 700 700 738 702 739 701 703 703 666 704 704 667 705 705 668 706 706 669 707 707 670 708 708 671 709 709 672 710 710 673 711 711 674 712 712 675 713 713 676 714 714 677 715 715 678 716 716 679 717 717 680 718 718 681 719 719 682 720 720 683 721 721 684 722 722 685 723 723 686 724 724 687 725 725 688 726 726 689 727 727 690 728 728 691 729 729 692 730 730 693 731 731 694 732 732 695 733 733 696 734 734 697 735 735 698 736 736 699 737 737 700 738 738 702 740 739 741 703 703 742 704 704 743 705 705 744 706 706 745 707 707 746 708 708 747 709 709 748 710 710 749 711 711 750 712 712 751 713 713 752 714 714 753 715 715 754 716 716 755 717 717 756 718 718 757 719 719 758 720 720 759 721 721 760 722 722 761 723 723 762 724 724 763 725 725 764 726 726 765 727 727 766 728 728 767 729 729 768 730 730 769 731 731 770 732 732 771 733 733 772 734 734 773 735 735 774 736 736 775 737 737 776 738 738 777 740 778 739 741 741 703 742 742 704 743 743 705 744 744 706 745 745 707 746 746 708 747 747 709 748 748 710 749 749 711 750 750 712 751 751 713 752 752 714 753 753 715 754 754 716 755 755 717 756 756 718 757 757 719 758 758 720 759 759 721 760 760 722 761 761 723 762 762 724 763 763 725 764 764 726 765 765 727 766 766 728 767 767 729 768 768 730 769 769 731 770 770 732 771 771 733 772 772 734 773 773 735 774 774 736 775 775 737 776 776 738 777 777 740 779 778 780 741 741 781 742 742 782 743 743 783 744 744 784 745 745 785 746 746 786 747 747 787 748 748 788 749 749 789 750 750 790 751 751 791 752 752 792 753 753 793 754 754 794 755 755 795 756 756 796 757 757 797 758 758 798 759 759 799 760 760 800 761 761 801 762 762 802 763 763 803 764 764 804 765 765 805 766 766 806 767 767 807 768 768 808 769 769 809 770 770 810 771 771 811 772 772 812 773 773 813 774 774 814 775 775 815 776 776 816 777 777 817 779 818 778 780 780 741 781 781 742 782 782 743 783 783 744 784 784 745 785 785 746 786 786 747 787 787 748 788 788 749 789 789 750 790 790 751 791 791 752 792 792 753 793 793 754 794 794 755 795 795 756 796 796 757 797 797 758 798 798 759 799 799 760 800 800 761 801 801 762 802 802 763 803 803 764 804 804 765 805 805 766 806 806 767 807 807 768 808 808 769 809 809 770 810 810 771 811 811 772 812 812 773 813 813 774 814 814 775 815 815 776 816 816 777 817 817 779 819 818 820 780 780 821 781 781 822 782 782 823 783 783 824 784 784 825 785 785 826 786 786 827 787 787 828 788 788 829 789 789 830 790 790 831 791 791 832 792 792 833 793 793 834 794 794 835 795 795 836 796 796 837 797 797 838 798 798 839 799 799 840 800 800 841 801 801 842 802 802 843 803 803 844 804 804 845 805 805 846 806 806 847 807 807 848 808 808 849 809 809 850 810 810 851 811 811 852 812 812 853 813 813 854 814 814 855 815 815 856 816 816 857 817 817 858 819 859 818 820 820 780 821 821 781 822 822 782 823 823 783 824 824 784 825 825 785 826 826 786 827 827 787 828 828 788 829 829 789 830 830 790 831 831 791 832 832 792 833 833 793 834 834 794 835 835 795 836 836 796 837 837 797 838 838 798 839 839 799 840 840 800 841 841 801 842 842 802 843 843 803 844 844 804 845 845 805 846 846 806 847 847 807 848 848 808 849 849 809 850 850 810 851 851 811 852 852 812 853 853 813 854 854 814 855 855 815 856 856 816 857 857 817 858 858 819 860 859 861 820 820 862 821 821 863 822 822 864 823 823 865 824 824 866 825 825 867 826 826 868 827 827 869 828 828 870 829 829 871 830 830 872 831 831 873 832 832 874 833 833 875 834 834 876 835 835 877 836 836 878 837 837 879 838 838 880 839 839 881 840 840 882 841 841 883 842 842 884 843 843 885 844 844 886 845 845 887 846 846 888 847 847 889 848 848 890 849 849 891 850 850 892 851 851 893 852 852 894 853 853 895 854 854 896 855 855 897 856 856 898 857 857 899 858 858 900 860 901 859 861 861 820 862 862 821 863 863 822 864 864 823 865 865 824 866 866 825 867 867 826 868 868 827 869 869 828 870 870 829 871 871 830 872 872 831 873 873 832 874 874 833 875 875 834 876 876 835 877 877 836 878 878 837 879 879 838 880 880 839 881 881 840 882 882 841 883 883 842 884 884 843 885 885 844 886 886 845 887 887 846 888 888 847 889 889 848 890 890 849 891 891 850 892 892 851 893 893 852 894 894 853 895 895 854 896 896 855 897 897 856 898 898 857 899 899 858 900 900 860 902 901 903 861 861 904 862 862 905 863 863 906 864 864 907 865 865 908 866 866 909 867 867 910 868 868 911 869 869 912 870 870 913 871 871 914 872 872 915 873 873 916 874 874 917 875 875 918 876 876 919 877 877 920 878 878 921 879 879 922 880 880 923 881 881 924 882 882 925 883 883 926 884 884 927 885 885 928 886 886 929 887 887 930 888 888 931 889 889 932 890 890 933 891 891 934 892 892 935 893 893 936 894 894 937 895 895 938 896 896 939 897 897 940 898 898 941 899 899 942 900 900 943 902 944 901 903 903 861 904 904 862 905 905 863 906 906 864 907 907 865 908 908 866 909 909 867 910 910 868 911 911 869 912 912 870 913 913 871 914 914 872 915 915 873 916 916 874 917 917 875 918 918 876 919 919 877 920 920 878 921 921 879 922 922 880 923 923 881 924 924 882 925 925 883 926 926 884 927 927 885 928 928 886 929 929 887 930 930 888 931 931 889 932 932 890 933 933 891 934 934 892 935 935 893 936 936 894 937 937 895 938 938 896 939 939 897 940 940 898 941 941 899 942 942 900 943 943 902 945 944 946 903 903 947 904 904 948 905 905 949 906 906 950 907 907 951 908 908 952 909 909 953 910 910 954 911 911 955 912 912 956 913 913 957 914 914 958 915 915 959 916 916 960 917 917 961 918 918 962 919 919 963 920 920 964 921 921 965 922 922 966 923 923 967 924 924 968 925 925 969 926 926 970 927 927 971 928 928 972 929 929 973 930 930 974 931 931 975 932 932 976 933 933 977 934 934 978 935 935 979 936 936 980 937 937 981 938 938 982 939 939 983 940 940 984 941 941 985 942 942 986 943 943 987 945 988 944 946 946 903 947 947 904 948 948 905 949 949 906 950 950 907 951 951 908 952 952 909 953 953 910 954 954 911 955 955 912 956 956 913 957 957 914 958 958 915 959 959 916 960 960 917 961 961 918 962 962 919 963 963 920 964 964 921 965 965 922 966 966 923 967 967 924 968 968 925 969 969 926 970 970 927 971 971 928 972 972 929 973 973 930 974 974 931 975 975 932 976 976 933 977 977 934 978 978 935 979 979 936 980 980 937 981 981 938 982 982 939 983 983 940 984 984 941 985 985 942 986 986 943 987 987 945 989 988 990 946 946 991 947 947 992 948 948 993 949 949 994 950 950 995 951 951 996 952 952 997 953 953 998 954 954 999 955 955 1000 956 956 1001 957 957 1002 958 958 1003 959 959 1004 960 960 1005 961 961 1006 962 962 1007 963 963 1008 964 964 1009 965 965 1010 966 966 1011 967 967 1012 968 968 1013 969 969 1014 970 970 1015 971 971 1016 972 972 1017 973 973 1018 974 974 1019 975 975 1020 976 976 1021 977 977 1022 978 978 1023 979 979 1024 980 980 1025 981 981 1026 982 982 1027 983 983 1028 984 984 1029 985 985 1030 986 986 1031 987 987 1032 989 1033 988 990 990 946 991 991 947 992 992 948 993 993 949 994 994 950 995 995 951 996 996 952 997 997 953 998 998 954 999 999 955 1000 1000 956 1001 1001 957 1002 1002 958 1003 1003 959 1004 1004 960 1005 1005 961 1006 1006 962 1007 1007 963 1008 1008 964 1009 1009 965 1010 1010 966 1011 1011 967 1012 1012 968 1013 1013 969 1014 1014 970 1015 1015 971 1016 1016 972 1017 1017 973 1018 1018 974 1019 1019 975 1020 1020 976 1021 1021 977 1022 1022 978 1023 1023 979 1024 1024 980 1025 1025 981 1026 1026 982 1027 1027 983 1028 1028 984 1029 1029 985 1030 1030 986 1031 1031 987 1032 1032 989 1034 1033 1035 990 990 1036 991 991 1037 992 992 1038 993 993 1039 994 994 1040 995 995 1041 996 996 1042 997 997 1043 998 998 1044 999 999 1045 1000 1000 1046 1001 1001 1047 1002 1002 1048 1003 1003 1049 1004 1004 1050 1005 1005 1051 1006 1006 1052 1007 1007 1053 1008 1008 1054 1009 1009 1055 1010 1010 1056 1011 1011 1057 1012 1012 1058 1013 1013 1059 1014 1014 1060 1015 1015 1061 1016 1016 1062 1017 1017 1063 1018 1018 1064 1019 1019 1065 1020 1020 1066 1021 1021 1067 1022 1022 1068 1023 1023 1069 1024 1024 1070 1025 1025 1071 1026 1026 1072 1027 1027 1073 1028 1028 1074 1029 1029 1075 1030 1030 1076 1031 1031 1077 1032 1032 1078 1034 1079 1033 1035 1035 990 1036 1036 991 1037 1037 992 1038 1038 993 1039 1039 994 1040 1040 995 1041 1041 996 1042 1042 997 1043 1043 998 1044 1044 999 1045 1045 1000 1046 1046 1001 1047 1047 1002 1048 1048 1003 1049 1049 1004 1050 1050 1005 1051 1051 1006 1052 1052 1007 1053 1053 1008 1054 1054 1009 1055 1055 1010 1056 1056 1011 1057 1057 1012 1058 1058 1013 1059 1059 1014 1060 1060 1015 1061 1061 1016 1062 1062 1017 1063 1063 1018 1064 1064 1019 1065 1065 1020 1066 1066 1021 1067 1067 1022 1068 1068 1023 1069 1069 1024 1070 1070 1025 1071 1071 1026 1072 1072 1027 1073 1073 1028 1074 1074 1029 1075 1075 1030 1076 1076 1031 1077 1077 1032 1078 1078 1034 1080 1079 1081 1035 1035 1082 1036 1036 1083 1037 1037 1084 1038 1038 1085 1039 1039 1086 1040 1040 1087 1041 1041 1088 1042 1042 1089 1043 1043 1090 1044 1044 1091 1045 1045 1092 1046 1046 1093 1047 1047 1094 1048 1048 1095 1049 1049 1096 1050 1050 1097 1051 1051 1098 1052 1052 1099 1053 1053 1100 1054 1054 1101 1055 1055 1102 1056 1056 1103 1057 1057 1104 1058 1058 1105 1059 1059 1106 1060 1060 1107 1061 1061 1108 1062 1062 1109 1063 1063 1110 1064 1064 1111 1065 1065 1112 1066 1066 1113 1067 1067 1114 1068 1068 1115 1069 1069 1116 1070 1070 1117 1071 1071 1118 1072 1072 1119 1073 1073 1120 1074 1074 1121 1075 1075 1122 1076 1076 1123 1077 1077 1124 1078 1078 1125 1080 1126 1079 1081 1081 1035 1082 1082 1036 1083 1083 1037 1084 1084 1038 1085 1085 1039 1086 1086 1040 1087 1087 1041 1088 1088 1042 1089 1089 1043 1090 1090 1044 1091 1091 1045 1092 1092 1046 1093 1093 1047 1094 1094 1048 1095 1095 1049 1096 1096 1050 1097 1097 1051 1098 1098 1052 1099 1099 1053 1100 1100 1054 1101 1101 1055 1102 1102 1056 1103 1103 1057 1104 1104 1058 1105 1105 1059 1106 1106 1060 1107 1107 1061 1108 1108 1062 1109 1109 1063 1110 1110 1064 1111 1111 1065 1112 1112 1066 1113 1113 1067 1114 1114 1068 1115 1115 1069 1116 1116 1070 1117 1117 1071 1118 1118 1072 1119 1119 1073 1120 1120 1074 1121 1121 1075 1122 1122 1076 1123 1123 1077 1124 1124 1078 1125 1125 1080 1127 1126 1128 1081 1081 1129 1082 1082 1130 1083 1083 1131 1084 1084 1132 1085 1085 1133 1086 1086 1134 1087 1087 1135 1088 1088 1136 1089 1089 1137 1090 1090 1138 1091 1091 1139 1092 1092 1140 1093 1093 1141 1094 1094 1142 1095 1095 1143 1096 1096 1144 1097 1097 1145 1098 1098 1146 1099 1099 1147 1100 1100 1148 1101 1101 1149 1102 1102 1150 1103 1103 1151 1104 1104 1152 1105 1105 1153 1106 1106 1154 1107 1107 1155 1108 1108 1156 1109 1109 1157 1110 1110 1158 1111 1111 1159 1112 1112 1160 1113 1113 1161 1114 1114 1162 1115 1115 1163 1116 1116 1164 1117 1117 1165 1118 1118 1166 1119 1119 1167 1120 1120 1168 1121 1121 1169 1122 1122 1170 1123 1123 1171 1124 1124 1172 1125 1125 1173 1127 1174 1126 1128 1128 1081 1129 1129 1082 1130 1130 1083 1131 1131 1084 1132 1132 1085 1133 1133 1086 1134 1134 1087 1135 1135 1088 1136 1136 1089 1137 1137 1090 1138 1138 1091 1139 1139 1092 1140 1140 1093 1141 1141 1094 1142 1142 1095 1143 1143 1096 1144 1144 1097 1145 1145 1098 1146 1146 1099 1147 1147 1100 1148 1148 1101 1149 1149 1102 1150 1150 1103 1151 1151 1104 1152 1152 1105 1153 1153 1106 1154 1154 1107 1155 1155 1108 1156 1156 1109 1157 1157 1110 1158 1158 1111 1159 1159 1112 1160 1160 1113 1161 1161 1114 1162 1162 1115 1163 1163 1116 1164 1164 1117 1165 1165 1118 1166 1166 1119 1167 1167 1120 1168 1168 1121 1169 1169 1122 1170 1170 1123 1171 1171 1124 1172 1172 1125 1173 1173 1127 1175 1174 1176 1128 1128 1177 1129 1129 1178 1130 1130 1179 1131 1131 1180 1132 1132 1181 1133 1133 1182 1134 1134 1183 1135 1135 1184 1136 1136 1185 1137 1137 1186 1138 1138 1187 1139 1139 1188 1140 1140 1189 1141 1141 1190 1142 1142 1191 1143 1143 1192 1144 1144 1193 1145 1145 1194 1146 1146 1195 1147 1147 1196 1148 1148 1197 1149 1149 1198 1150 1150 1199 1151 1151 1200 1152 1152 1201 1153 1153 1202 1154 1154 1203 1155 1155 1204 1156 1156 1205 1157 1157 1206 1158 1158 1207 1159 1159 1208 1160 1160 1209 1161 1161 1210 1162 1162 1211 1163 1163 1212 1164 1164 1213 1165 1165 1214 1166 1166 1215 1167 1167 1216 1168 1168 1217 1169 1169 1218 1170 1170 1219 1171 1171 1220 1172 1172 1221 1173 1173 1222 1175 1223 1174 1176 1176 1128 1177 1177 1129 1178 1178 1130 1179 1179 1131 1180 1180 1132 1181 1181 1133 1182 1182 1134 1183 1183 1135 1184 1184 1136 1185 1185 1137 1186 1186 1138 1187 1187 1139 1188 1188 1140 1189 1189 1141 1190 1190 1142 1191 1191 1143 1192 1192 1144 1193 1193 1145 1194 1194 1146 1195 1195 1147 1196 1196 1148 1197 1197 1149 1198 1198 1150 1199 1199 1151 1200 1200 1152 1201 1201 1153 1202 1202 1154 1203 1203 1155 1204 1204 1156 1205 1205 1157 1206 1206 1158 1207 1207 1159 1208 1208 1160 1209 1209 1161 1210 1210 1162 1211 1211 1163 1212 1212 1164 1213 1213 1165 1214 1214 1166 1215 1215 1167 1216 1216 1168 1217 1217 1169 1218 1218 1170 1219 1219 1171 1220 1220 1172 1221 1221 1173 1222 1222 1175 1224 1223 1225 1176 1176 1226 1177 1177 1227 1178 1178 1228 1179 1179 1229 1180 1180 1230 1181 1181 1231 1182 1182 1232 1183 1183 1233 1184 1184 1234 1185 1185 1235 1186 1186 1236 1187 1187 1237 1188 1188 1238 1189 1189 1239 1190 1190 1240 1191 1191 1241 1192 1192 1242 1193 1193 1243 1194 1194 1244 1195 1195 1245 1196 1196 1246 1197 1197 1247 1198 1198 1248 1199 1199 1249 1200 1200 1250 1201 1201 1251 1202 1202 1252 1203 1203 1253 1204 1204 1254 1205 1205 1255 1206 1206 1256 1207 1207 1257 1208 1208 1258 1209 1209 1259 1210 1210 1260 1211 1211 1261 1212 1212 1262 1213 1213 1263 1214 1214 1264 1215 1215 1265 1216 1216 1266 1217 1217 1267 1218 1218 1268 1219 1219 1269 1220 1220 1270 1221 1221 1271 1222 1222 1272 1224 1273 1223 1225 1225 1176 1226 1226 1177 1227 1227 1178 1228 1228 1179 1229 1229 1180 1230 1230 1181 1231 1231 1182 1232 1232 1183 1233 1233 1184 1234 1234 1185 1235 1235 1186 1236 1236 1187 1237 1237 1188 1238 1238 1189 1239 1239 1190 1240 1240 1191 1241 1241 1192 1242 1242 1193 1243 1243 1194 1244 1244 1195 1245 1245 1196 1246 1246 1197 1247 1247 1198 1248 1248 1199 1249 1249 1200 1250 1250 1201 1251 1251 1202 1252 1252 1203 1253 1253 1204 1254 1254 1205 1255 1255 1206 1256 1256 1207 1257 1257 1208 1258 1258 1209 1259 1259 1210 1260 1260 1211 1261 1261 1212 1262 1262 1213 1263 1263 1214 1264 1264 1215 1265 1265 1216 1266 1266 1217 1267 1267 1218 1268 1268 1219 1269 1269 1220 1270 1270 1221 1271 1271 1222 1272 1272 1224 1274 1273 1275 1225 1225 1276 1226 1226 1277 1227 1227 1278 1228 1228 1279 1229 1229 1280 1230 1230 1281 1231 1231 1282 1232 1232 1283 1233 1233 1284 1234 1234 1285 1235 1235 1286 1236 1236 1287 1237 1237 1288 1238 1238 1289 1239 1239 1290 1240 1240 1291 1241 1241 1292 1242 1242 1293 1243 1243 1294 1244 1244 1295 1245 1245 1296 1246 1246 1297 1247 1247 1298 1248 1248 1299 1249 1249 1300 1250 1250 1301 1251 1251 1302 1252 1252 1303 1253 1253 1304 1254 1254 1305 1255 1255 1306 1256 1256 1307 1257 1257 1308 1258 1258 1309 1259 1259 1310 1260 1260 1311 1261 1261 1312 1262 1262 1313 1263 1263 1314 1264 1264 1315 1265 1265 1316 1266 1266 1317 1267 1267 1318 1268 1268 1319 1269 1269 1320 1270 1270 1321 1271 1271 1322 1272 1272 1323 1274 1324 1273 1275 1275 1225 1276 1276 1226 1277 1277 1227 1278 1278 1228 1279 1279 1229 1280 1280 1230 1281 1281 1231 1282 1282 1232 1283 1283 1233 1284 1284 1234 1285 1285 1235 1286 1286 1236 1287 1287 1237 1288 1288 1238 1289 1289 1239 1290 1290 1240 1291 1291 1241 1292 1292 1242 1293 1293 1243 1294 1294 1244 1295 1295 1245 1296 1296 1246 1297 1297 1247 1298 1298 1248 1299 1299 1249 1300 1300 1250 1301 1301 1251 1302 1302 1252 1303 1303 1253 1304 1304 1254 1305 1305 1255 1306 1306 1256 1307 1307 1257 1308 1308 1258 1309 1309 1259 1310 1310 1260 1311 1311 1261 1312 1312 1262 1313 1313 1263 1314 1314 1264 1315 1315 1265 1316 1316 1266 1317 1317 1267 1318 1318 1268 1319 1319 1269 1320 1320 1270 1321 1321 1271 1322 1322 1272 1323 1323 1274 1325 1324 1326 1275 1275 1327 1276 1276 1328 1277 1277 1329 1278 1278 1330 1279 1279 1331 1280 1280 1332 1281 1281 1333 1282 1282 1334 1283 1283 1335 1284 1284 1336 1285 1285 1337 1286 1286 1338 1287 1287 1339 1288 1288 1340 1289 1289 1341 1290 1290 1342 1291 1291 1343 1292 1292 1344 1293 1293 1345 1294 1294 1346 1295 1295 1347 1296 1296 1348 1297 1297 1349 1298 1298 1350 1299 1299 1351 1300 1300 1352 1301 1301 1353 1302 1302 1354 1303 1303 1355 1304 1304 1356 1305 1305 1357 1306 1306 1358 1307 1307 1359 1308 1308 1360 1309 1309 1361 1310 1310 1362 1311 1311 1363 1312 1312 1364 1313 1313 1365 1314 1314 1366 1315 1315 1367 1316 1316 1368 1317 1317 1369 1318 1318 1370 1319 1319 1371 1320 1320 1372 1321 1321 1373 1322 1322 1374 1323 1323 1375 1325 1326 1275 1327 1327 1276 1328 1328 1277 1329 1329 1278 1330 1330 1279 1331 1331 1280 1332 1332 1281 1333 1333 1282 1334 1334 1283 1335 1335 1284 1336 1336 1285 1337 1337 1286 1338 1338 1287 1339 1339 1288 1340 1340 1289 1341 1341 1290 1342 1342 1291 1343 1343 1292 1344 1344 1293 1345 1345 1294 1346 1346 1295 1347 1347 1296 1348 1348 1297 1349 1349 1298 1350 1350 1299 1351 1351 1300 1352 1352 1301 1353 1353 1302 1354 1354 1303 1355 1355 1304 1356 1356 1305 1357 1357 1306 1358 1358 1307 1359 1359 1308 1360 1360 1309 1361 1361 1310 1362 1362 1311 1363 1363 1312 1364 1364 1313 1365 1365 1314 1366 1366 1315 1367 1367 1316 1368 1368 1317 1369 1369 1318 1370 1370 1319 1371 1371 1320 1372 1372 1321 1373 1373 1322 1374 1374 1323 1375 1326 1376 1327 1327 1377 1328 1328 1378 1329 1329 1379 1330 1330 1380 1331 1331 1381 1332 1332 1382 1333 1333 1383 1334 1334 1384 1335 1335 1385 1336 1336 1386 1337 1337 1387 1338 1338 1388 1339 1339 1389 1340 1340 1390 1341 1341 1391 1342 1342 1392 1343 1343 1393 1344 1344 1394 1345 1345 1395 1346 1346 1396 1347 1347 1397 1348 1348 1398 1349 1349 1399 1350 1350 1400 1351 1351 1401 1352 1352 1402 1353 1353 1403 1354 1354 1404 1355 1355 1405 1356 1356 1406 1357 1357 1407 1358 1358 1408 1359 1359 1409 1360 1360 1410 1361 1361 1411 1362 1362 1412 1363 1363 1413 1364 1364 1414 1365 1365 1415 1366 1366 1416 1367 1367 1417 1368 1368 1418 1369 1369 1419 1370 1370 1420 1371 1371 1421 1372 1372 1422 1373 1373 1423 1374 1374 1424 1375 1376 1327 1377 1377 1328 1378 1378 1329 1379 1379 1330 1380 1380 1331 1381 1381 1332 1382 1382 1333 1383 1383 1334 1384 1384 1335 1385 1385 1336 1386 1386 1337 1387 1387 1338 1388 1388 1339 1389 1389 1340 1390 1390 1341 1391 1391 1342 1392 1392 1343 1393 1393 1344 1394 1394 1345 1395 1395 1346 1396 1396 1347 1397 1397 1348 1398 1398 1349 1399 1399 1350 1400 1400 1351 1401 1401 1352 1402 1402 1353 1403 1403 1354 1404 1404 1355 1405 1405 1356 1406 1406 1357 1407 1407 1358 1408 1408 1359 1409 1409 1360 1410 1410 1361 1411 1411 1362 1412 1412 1363 1413 1413 1364 1414 1414 1365 1415 1415 1366 1416 1416 1367 1417 1417 1368 1418 1418 1369 1419 1419 1370 1420 1420 1371 1421 1421 1372 1422 1422 1373 1423 1423 1374 1424 1376 1425 1377 1377 1426 1378 1378 1427 1379 1379 1428 1380 1380 1429 1381 1381 1430 1382 1382 1431 1383 1383 1432 1384 1384 1433 1385 1385 1434 1386 1386 1435 1387 1387 1436 1388 1388 1437 1389 1389 1438 1390 1390 1439 1391 1391 1440 1392 1392 1441 1393 1393 1442 1394 1394 1443 1395 1395 1444 1396 1396 1445 1397 1397 1446 1398 1398 1447 1399 1399 1448 1400 1400 1449 1401 1401 1450 1402 1402 1451 1403 1403 1452 1404 1404 1453 1405 1405 1454 1406 1406 1455 1407 1407 1456 1408 1408 1457 1409 1409 1458 1410 1410 1459 1411 1411 1460 1412 1412 1461 1413 1413 1462 1414 1414 1463 1415 1415 1464 1416 1416 1465 1417 1417 1466 1418 1418 1467 1419 1419 1468 1420 1420 1469 1421 1421 1470 1422 1422 1471 1423 1423 1472 1424 1425 1377 1426 1426 1378 1427 1427 1379 1428 1428 1380 1429 1429 1381 1430 1430 1382 1431 1431 1383 1432 1432 1384 1433 1433 1385 1434 1434 1386 1435 1435 1387 1436 1436 1388 1437 1437 1389 1438 1438 1390 1439 1439 1391 1440 1440 1392 1441 1441 1393 1442 1442 1394 1443 1443 1395 1444 1444 1396 1445 1445 1397 1446 1446 1398 1447 1447 1399 1448 1448 1400 1449 1449 1401 1450 1450 1402 1451 1451 1403 1452 1452 1404 1453 1453 1405 1454 1454 1406 1455 1455 1407 1456 1456 1408 1457 1457 1409 1458 1458 1410 1459 1459 1411 1460 1460 1412 1461 1461 1413 1462 1462 1414 1463 1463 1415 1464 1464 1416 1465 1465 1417 1466 1466 1418 1467 1467 1419 1468 1468 1420 1469 1469 1421 1470 1470 1422 1471 1471 1423 1472 1425 1473 1426 1426 1474 1427 1427 1475 1428 1428 1476 1429 1429 1477 1430 1430 1478 1431 1431 1479 1432 1432 1480 1433 1433 1481 1434 1434 1482 1435 1435 1483 1436 1436 1484 1437 1437 1485 1438 1438 1486 1439 1439 1487 1440 1440 1488 1441 1441 1489 1442 1442 1490 1443 1443 1491 1444 1444 1492 1445 1445 1493 1446 1446 1494 1447 1447 1495 1448 1448 1496 1449 1449 1497 1450 1450 1498 1451 1451 1499 1452 1452 1500 1453 1453 1501 1454 1454 1502 1455 1455 1503 1456 1456 1504 1457 1457 1505 1458 1458 1506 1459 1459 1507 1460 1460 1508 1461 1461 1509 1462 1462 1510 1463 1463 1511 1464 1464 1512 1465 1465 1513 1466 1466 1514 1467 1467 1515 1468 1468 1516 1469 1469 1517 1470 1470 1518 1471 1471 1519 1472 1473 1426 1474 1474 1427 1475 1475 1428 1476 1476 1429 1477 1477 1430 1478 1478 1431 1479 1479 1432 1480 1480 1433 1481 1481 1434 1482 1482 1435 1483 1483 1436 1484 1484 1437 1485 1485 1438 1486 1486 1439 1487 1487 1440 1488 1488 1441 1489 1489 1442 1490 1490 1443 1491 1491 1444 1492 1492 1445 1493 1493 1446 1494 1494 1447 1495 1495 1448 1496 1496 1449 1497 1497 1450 1498 1498 1451 1499 1499 1452 1500 1500 1453 1501 1501 1454 1502 1502 1455 1503 1503 1456 1504 1504 1457 1505 1505 1458 1506 1506 1459 1507 1507 1460 1508 1508 1461 1509 1509 1462 1510 1510 1463 1511 1511 1464 1512 1512 1465 1513 1513 1466 1514 1514 1467 1515 1515 1468 1516 1516 1469 1517 1517 1470 1518 1518 1471 1519 1473 1520 1474 1474 1521 1475 1475 1522 1476 1476 1523 1477 1477 1524 1478 1478 1525 1479 1479 1526 1480 1480 1527 1481 1481 1528 1482 1482 1529 1483 1483 1530 1484 1484 1531 1485 1485 1532 1486 1486 1533 1487 1487 1534 1488 1488 1535 1489 1489 1536 1490 1490 1537 1491 1491 1538 1492 1492 1539 1493 1493 1540 1494 1494 1541 1495 1495 1542 1496 1496 1543 1497 1497 1544 1498 1498 1545 1499 1499 1546 1500 1500 1547 1501 1501 1548 1502 1502 1549 1503 1503 1550 1504 1504 1551 1505 1505 1552 1506 1506 1553 1507 1507 1554 1508 1508 1555 1509 1509 1556 1510 1510 1557 1511 1511 1558 1512 1512 1559 1513 1513 1560 1514 1514 1561 1515 1515 1562 1516 1516 1563 1517 1517 1564 1518 1518 1565 1519 1520 1474 1521 1521 1475 1522 1522 1476 1523 1523 1477 1524 1524 1478 1525 1525 1479 1526 1526 1480 1527 1527 1481 1528 1528 1482 1529 1529 1483 1530 1530 1484 1531 1531 1485 1532 1532 1486 1533 1533 1487 1534 1534 1488 1535 1535 1489 1536 1536 1490 1537 1537 1491 1538 1538 1492 1539 1539 1493 1540 1540 1494 1541 1541 1495 1542 1542 1496 1543 1543 1497 1544 1544 1498 1545 1545 1499 1546 1546 1500 1547 1547 1501 1548 1548 1502 1549 1549 1503 1550 1550 1504 1551 1551 1505 1552 1552 1506 1553 1553 1507 1554 1554 1508 1555 1555 1509 1556 1556 1510 1557 1557 1511 1558 1558 1512 1559 1559 1513 1560 1560 1514 1561 1561 1515 1562 1562 1516 1563 1563 1517 1564 1564 1518 1565 1520 1566 1521 1521 1567 1522 1522 1568 1523 1523 1569 1524 1524 1570 1525 1525 1571 1526 1526 1572 1527 1527 1573 1528 1528 1574 1529 1529 1575 1530 1530 1576 1531 1531 1577 1532 1532 1578 1533 1533 1579 1534 1534 1580 1535 1535 1581 1536 1536 1582 1537 1537 1583 1538 1538 1584 1539 1539 1585 1540 1540 1586 1541 1541 1587 1542 1542 1588 1543 1543 1589 1544 1544 1590 1545 1545 1591 1546 1546 1592 1547 1547 1593 1548 1548 1594 1549 1549 1595 1550 1550 1596 1551 1551 1597 1552 1552 1598 1553 1553 1599 1554 1554 1600 1555 1555 1601 1556 1556 1602 1557 1557 1603 1558 1558 1604 1559 1559 1605 1560 1560 1606 1561 1561 1607 1562 1562 1608 1563 1563 1609 1564 1564 1610 1565 1566 1521 1567 1567 1522 1568 1568 1523 1569 1569 1524 1570 1570 1525 1571 1571 1526 1572 1572 1527 1573 1573 1528 1574 1574 1529 1575 1575 1530 1576 1576 1531 1577 1577 1532 1578 1578 1533 1579 1579 1534 1580 1580 1535 1581 1581 1536 1582 1582 1537 1583 1583 1538 1584 1584 1539 1585 1585 1540 1586 1586 1541 1587 1587 1542 1588 1588 1543 1589 1589 1544 1590 1590 1545 1591 1591 1546 1592 1592 1547 1593 1593 1548 1594 1594 1549 1595 1595 1550 1596 1596 1551 1597 1597 1552 1598 1598 1553 1599 1599 1554 1600 1600 1555 1601 1601 1556 1602 1602 1557 1603 1603 1558 1604 1604 1559 1605 1605 1560 1606 1606 1561 1607 1607 1562 1608 1608 1563 1609 1609 1564 1610 1566 1611 1567 1567 1612 1568 1568 1613 1569 1569 1614 1570 1570 1615 1571 1571 1616 1572 1572 1617 1573 1573 1618 1574 1574 1619 1575 1575 1620 1576 1576 1621 1577 1577 1622 1578 1578 1623 1579 1579 1624 1580 1580 1625 1581 1581 1626 1582 1582 1627 1583 1583 1628 1584 1584 1629 1585 1585 1630 1586 1586 1631 1587 1587 1632 1588 1588 1633 1589 1589 1634 1590 1590 1635 1591 1591 1636 1592 1592 1637 1593 1593 1638 1594 1594 1639 1595 1595 1640 1596 1596 1641 1597 1597 1642 1598 1598 1643 1599 1599 1644 1600 1600 1645 1601 1601 1646 1602 1602 1647 1603 1603 1648 1604 1604 1649 1605 1605 1650 1606 1606 1651 1607 1607 1652 1608 1608 1653 1609 1609 1654 1610 1611 1567 1612 1612 1568 1613 1613 1569 1614 1614 1570 1615 1615 1571 1616 1616 1572 1617 1617 1573 1618 1618 1574 1619 1619 1575 1620 1620 1576 1621 1621 1577 1622 1622 1578 1623 1623 1579 1624 1624 1580 1625 1625 1581 1626 1626 1582 1627 1627 1583 1628 1628 1584 1629 1629 1585 1630 1630 1586 1631 1631 1587 1632 1632 1588 1633 1633 1589 1634 1634 1590 1635 1635 1591 1636 1636 1592 1637 1637 1593 1638 1638 1594 1639 1639 1595 1640 1640 1596 1641 1641 1597 1642 1642 1598 1643 1643 1599 1644 1644 1600 1645 1645 1601 1646 1646 1602 1647 1647 1603 1648 1648 1604 1649 1649 1605 1650 1650 1606 1651 1651 1607 1652 1652 1608 1653 1653 1609 1654 1611 1655 1612 1612 1656 1613 1613 1657 1614 1614 1658 1615 1615 1659 1616 1616 1660 1617 1617 1661 1618 1618 1662 1619 1619 1663 1620 1620 1664 1621 1621 1665 1622 1622 1666 1623 1623 1667 1624 1624 1668 1625 1625 1669 1626 1626 1670 1627 1627 1671 1628 1628 1672 1629 1629 1673 1630 1630 1674 1631 1631 1675 1632 1632 1676 1633 1633 1677 1634 1634 1678 1635 1635 1679 1636 1636 1680 1637 1637 1681 1638 1638 1682 1639 1639 1683 1640 1640 1684 1641 1641 1685 1642 1642 1686 1643 1643 1687 1644 1644 1688 1645 1645 1689 1646 1646 1690 1647 1647 1691 1648 1648 1692 1649 1649 1693 1650 1650 1694 1651 1651 1695 1652 1652 1696 1653 1653 1697 1654 1655 1612 1656 1656 1613 1657 1657 1614 1658 1658 1615 1659 1659 1616 1660 1660 1617 1661 1661 1618 1662 1662 1619 1663 1663 1620 1664 1664 1621 1665 1665 1622 1666 1666 1623 1667 1667 1624 1668 1668 1625 1669 1669 1626 1670 1670 1627 1671 1671 1628 1672 1672 1629 1673 1673 1630 1674 1674 1631 1675 1675 1632 1676 1676 1633 1677 1677 1634 1678 1678 1635 1679 1679 1636 1680 1680 1637 1681 1681 1638 1682 1682 1639 1683 1683 1640 1684 1684 1641 1685 1685 1642 1686 1686 1643 1687 1687 1644 1688 1688 1645 1689 1689 1646 1690 1690 1647 1691 1691 1648 1692 1692 1649 1693 1693 1650 1694 1694 1651 1695 1695 1652 1696 1696 1653 1697 1655 1698 1656 1656 1699 1657 1657 1700 1658 1658 1701 1659 1659 1702 1660 1660 1703 1661 1661 1704 1662 1662 1705 1663 1663 1706 1664 1664 1707 1665 1665 1708 1666 1666 1709 1667 1667 1710 1668 1668 1711 1669 1669 1712 1670 1670 1713 1671 1671 1714 1672 1672 1715 1673 1673 1716 1674 1674 1717 1675 1675 1718 1676 1676 1719 1677 1677 1720 1678 1678 1721 1679 1679 1722 1680 1680 1723 1681 1681 1724 1682 1682 1725 1683 1683 1726 1684 1684 1727 1685 1685 1728 1686 1686 1729 1687 1687 1730 1688 1688 1731 1689 1689 1732 1690 1690 1733 1691 1691 1734 1692 1692 1735 1693 1693 1736 1694 1694 1737 1695 1695 1738 1696 1696 1739 1697 1698 1656 1699 1699 1657 1700 1700 1658 1701 1701 1659 1702 1702 1660 1703 1703 1661 1704 1704 1662 1705 1705 1663 1706 1706 1664 1707 1707 1665 1708 1708 1666 1709 1709 1667 1710 1710 1668 1711 1711 1669 1712 1712 1670 1713 1713 1671 1714 1714 1672 1715 1715 1673 1716 1716 1674 1717 1717 1675 1718 1718 1676 1719 1719 1677 1720 1720 1678 1721 1721 1679 1722 1722 1680 1723 1723 1681 1724 1724 1682 1725 1725 1683 1726 1726 1684 1727 1727 1685 1728 1728 1686 1729 1729 1687 1730 1730 1688 1731 1731 1689 1732 1732 1690 1733 1733 1691 1734 1734 1692 1735 1735 1693 1736 1736 1694 1737 1737 1695 1738 1738 1696 1739 1698 1740 1699 1699 1741 1700 1700 1742 1701 1701 1743 1702 1702 1744 1703 1703 1745 1704 1704 1746 1705 1705 1747 1706 1706 1748 1707 1707 1749 1708 1708 1750 1709 1709 1751 1710 1710 1752 1711 1711 1753 1712 1712 1754 1713 1713 1755 1714 1714 1756 1715 1715 1757 1716 1716 1758 1717 1717 1759 1718 1718 1760 1719 1719 1761 1720 1720 1762 1721 1721 1763 1722 1722 1764 1723 1723 1765 1724 1724 1766 1725 1725 1767 1726 1726 1768 1727 1727 1769 1728 1728 1770 1729 1729 1771 1730 1730 1772 1731 1731 1773 1732 1732 1774 1733 1733 1775 1734 1734 1776 1735 1735 1777 1736 1736 1778 1737 1737 1779 1738 1738 1780 1739 1740 1699 1741 1741 1700 1742 1742 1701 1743 1743 1702 1744 1744 1703 1745 1745 1704 1746 1746 1705 1747 1747 1706 1748 1748 1707 1749 1749 1708 1750 1750 1709 1751 1751 1710 1752 1752 1711 1753 1753 1712 1754 1754 1713 1755 1755 1714 1756 1756 1715 1757 1757 1716 1758 1758 1717 1759 1759 1718 1760 1760 1719 1761 1761 1720 1762 1762 1721 1763 1763 1722 1764 1764 1723 1765 1765 1724 1766 1766 1725 1767 1767 1726 1768 1768 1727 1769 1769 1728 1770 1770 1729 1771 1771 1730 1772 1772 1731 1773 1773 1732 1774 1774 1733 1775 1775 1734 1776 1776 1735 1777 1777 1736 1778 1778 1737 1779 1779 1738 1780 1740 1781 1741 1741 1782 1742 1742 1783 1743 1743 1784 1744 1744 1785 1745 1745 1786 1746 1746 1787 1747 1747 1788 1748 1748 1789 1749 1749 1790 1750 1750 1791 1751 1751 1792 1752 1752 1793 1753 1753 1794 1754 1754 1795 1755 1755 1796 1756 1756 1797 1757 1757 1798 1758 1758 1799 1759 1759 1800 1760 1760 1801 1761 1761 1802 1762 1762 1803 1763 1763 1804 1764 1764 1805 1765 1765 1806 1766 1766 1807 1767 1767 1808 1768 1768 1809 1769 1769 1810 1770 1770 1811 1771 1771 1812 1772 1772 1813 1773 1773 1814 1774 1774 1815 1775 1775 1816 1776 1776 1817 1777 1777 1818 1778 1778 1819 1779 1779 1820 1780 1781 1741 1782 1782 1742 1783 1783 1743 1784 1784 1744 1785 1785 1745 1786 1786 1746 1787 1787 1747 1788 1788 1748 1789 1789 1749 1790 1790 1750 1791 1791 1751 1792 1792 1752 1793 1793 1753 1794 1794 1754 1795 1795 1755 1796 1796 1756 1797 1797 1757 1798 1798 1758 1799 1799 1759 1800 1800 1760 1801 1801 1761 1802 1802 1762 1803 1803 1763 1804 1804 1764 1805 1805 1765 1806 1806 1766 1807 1807 1767 1808 1808 1768 1809 1809 1769 1810 1810 1770 1811 1811 1771 1812 1812 1772 1813 1813 1773 1814 1814 1774 1815 1815 1775 1816 1816 1776 1817 1817 1777 1818 1818 1778 1819 1819 1779 1820 1781 1821 1782 1782 1822 1783 1783 1823 1784 1784 1824 1785 1785 1825 1786 1786 1826 1787 1787 1827 1788 1788 1828 1789 1789 1829 1790 1790 1830 1791 1791 1831 1792 1792 1832 1793 1793 1833 1794 1794 1834 1795 1795 1835 1796 1796 1836 1797 1797 1837 1798 1798 1838 1799 1799 1839 1800 1800 1840 1801 1801 1841 1802 1802 1842 1803 1803 1843 1804 1804 1844 1805 1805 1845 1806 1806 1846 1807 1807 1847 1808 1808 1848 1809 1809 1849 1810 1810 1850 1811 1811 1851 1812 1812 1852 1813 1813 1853 1814 1814 1854 1815 1815 1855 1816 1816 1856 1817 1817 1857 1818 1818 1858 1819 1819 1859 1820 1821 1782 1822 1822 1783 1823 1823 1784 1824 1824 1785 1825 1825 1786 1826 1826 1787 1827 1827 1788 1828 1828 1789 1829 1829 1790 1830 1830 1791 1831 1831 1792 1832 1832 1793 1833 1833 1794 1834 1834 1795 1835 1835 1796 1836 1836 1797 1837 1837 1798 1838 1838 1799 1839 1839 1800 1840 1840 1801 1841 1841 1802 1842 1842 1803 1843 1843 1804 1844 1844 1805 1845 1845 1806 1846 1846 1807 1847 1847 1808 1848 1848 1809 1849 1849 1810 1850 1850 1811 1851 1851 1812 1852 1852 1813 1853 1853 1814 1854 1854 1815 1855 1855 1816 1856 1856 1817 1857 1857 1818 1858 1858 1819 1859 1821 1860 1822 1822 1861 1823 1823 1862 1824 1824 1863 1825 1825 1864 1826 1826 1865 1827 1827 1866 1828 1828 1867 1829 1829 1868 1830 1830 1869 1831 1831 1870 1832 1832 1871 1833 1833 1872 1834 1834 1873 1835 1835 1874 1836 1836 1875 1837 1837 1876 1838 1838 1877 1839 1839 1878 1840 1840 1879 1841 1841 1880 1842 1842 1881 1843 1843 1882 1844 1844 1883 1845 1845 1884 1846 1846 1885 1847 1847 1886 1848 1848 1887 1849 1849 1888 1850 1850 1889 1851 1851 1890 1852 1852 1891 1853 1853 1892 1854 1854 1893 1855 1855 1894 1856 1856 1895 1857 1857 1896 1858 1858 1897 1859 1860 1822 1861 1861 1823 1862 1862 1824 1863 1863 1825 1864 1864 1826 1865 1865 1827 1866 1866 1828 1867 1867 1829 1868 1868 1830 1869 1869 1831 1870 1870 1832 1871 1871 1833 1872 1872 1834 1873 1873 1835 1874 1874 1836 1875 1875 1837 1876 1876 1838 1877 1877 1839 1878 1878 1840 1879 1879 1841 1880 1880 1842 1881 1881 1843 1882 1882 1844 1883 1883 1845 1884 1884 1846 1885 1885 1847 1886 1886 1848 1887 1887 1849 1888 1888 1850 1889 1889 1851 1890 1890 1852 1891 1891 1853 1892 1892 1854 1893 1893 1855 1894 1894 1856 1895 1895 1857 1896 1896 1858 1897 1860 1898 1861 1861 1899 1862 1862 1900 1863 1863 1901 1864 1864 1902 1865 1865 1903 1866 1866 1904 1867 1867 1905 1868 1868 1906 1869 1869 1907 1870 1870 1908 1871 1871 1909 1872 1872 1910 1873 1873 1911 1874 1874 1912 1875 1875 1913 1876 1876 1914 1877 1877 1915 1878 1878 1916 1879 1879 1917 1880 1880 1918 1881 1881 1919 1882 1882 1920 1883 1883 1921 1884 1884 1922 1885 1885 1923 1886 1886 1924 1887 1887 1925 1888 1888 1926 1889 1889 1927 1890 1890 1928 1891 1891 1929 1892 1892 1930 1893 1893 1931 1894 1894 1932 1895 1895 1933 1896 1896 1934 1897 1898 1861 1899 1899 1862 1900 1900 1863 1901 1901 1864 1902 1902 1865 1903 1903 1866 1904 1904 1867 1905 1905 1868 1906 1906 1869 1907 1907 1870 1908 1908 1871 1909 1909 1872 1910 1910 1873 1911 1911 1874 1912 1912 1875 1913 1913 1876 1914 1914 1877 1915 1915 1878 1916 1916 1879 1917 1917 1880 1918 1918 1881 1919 1919 1882 1920 1920 1883 1921 1921 1884 1922 1922 1885 1923 1923 1886 1924 1924 1887 1925 1925 1888 1926 1926 1889 1927 1927 1890 1928 1928 1891 1929 1929 1892 1930 1930 1893 1931 1931 1894 1932 1932 1895 1933 1933 1896 1934 1898 1935 1899 1899 1936 1900 1900 1937 1901 1901 1938 1902 1902 1939 1903 1903 1940 1904 1904 1941 1905 1905 1942 1906 1906 1943 1907 1907 1944 1908 1908 1945 1909 1909 1946 1910 1910 1947 1911 1911 1948 1912 1912 1949 1913 1913 1950 1914 1914 1951 1915 1915 1952 1916 1916 1953 1917 1917 1954 1918 1918 1955 1919 1919 1956 1920 1920 1957 1921 1921 1958 1922 1922 1959 1923 1923 1960 1924 1924 1961 1925 1925 1962 1926 1926 1963 1927 1927 1964 1928 1928 1965 1929 1929 1966 1930 1930 1967 1931 1931 1968 1932 1932 1969 1933 1933 1970 1934 1935 1899 1936 1936 1900 1937 1937 1901 1938 1938 1902 1939 1939 1903 1940 1940 1904 1941 1941 1905 1942 1942 1906 1943 1943 1907 1944 1944 1908 1945 1945 1909 1946 1946 1910 1947 1947 1911 1948 1948 1912 1949 1949 1913 1950 1950 1914 1951 1951 1915 1952 1952 1916 1953 1953 1917 1954 1954 1918 1955 1955 1919 1956 1956 1920 1957 1957 1921 1958 1958 1922 1959 1959 1923 1960 1960 1924 1961 1961 1925 1962 1962 1926 1963 1963 1927 1964 1964 1928 1965 1965 1929 1966 1966 1930 1967 1967 1931 1968 1968 1932 1969 1969 1933 1970 1935 1971 1936 1936 1972 1937 1937 1973 1938 1938 1974 1939 1939 1975 1940 1940 1976 1941 1941 1977 1942 1942 1978 1943 1943 1979 1944 1944 1980 1945 1945 1981 1946 1946 1982 1947 1947 1983 1948 1948 1984 1949 1949 1985 1950 1950 1986 1951 1951 1987 1952 1952 1988 1953 1953 1989 1954 1954 1990 1955 1955 1991 1956 1956 1992 1957 1957 1993 1958 1958 1994 1959 1959 1995 1960 1960 1996 1961 1961 1997 1962 1962 1998 1963 1963 1999 1964 1964 2000 1965 1965 2001 1966 1966 2002 1967 1967 2003 1968 1968 2004 1969 1969 2005 1970 1971 1936 1972 1972 1937 1973 1973 1938 1974 1974 1939 1975 1975 1940 1976 1976 1941 1977 1977 1942 1978 1978 1943 1979 1979 1944 1980 1980 1945 1981 1981 1946 1982 1982 1947 1983 1983 1948 1984 1984 1949 1985 1985 1950 1986 1986 1951 1987 1987 1952 1988 1988 1953 1989 1989 1954 1990 1990 1955 1991 1991 1956 1992 1992 1957 1993 1993 1958 1994 1994 1959 1995 1995 1960 1996 1996 1961 1997 1997 1962 1998 1998 1963 1999 1999 1964 2000 2000 1965 2001 2001 1966 2002 2002 1967 2003 2003 1968 2004 2004 1969 2005 1971 2006 1972 1972 2007 1973 1973 2008 1974 1974 2009 1975 1975 2010 1976 1976 2011 1977 1977 2012 1978 1978 2013 1979 1979 2014 1980 1980 2015 1981 1981 2016 1982 1982 2017 1983 1983 2018 1984 1984 2019 1985 1985 2020 1986 1986 2021 1987 1987 2022 1988 1988 2023 1989 1989 2024 1990 1990 2025 1991 1991 2026 1992 1992 2027 1993 1993 2028 1994 1994 2029 1995 1995 2030 1996 1996 2031 1997 1997 2032 1998 1998 2033 1999 1999 2034 2000 2000 2035 2001 2001 2036 2002 2002 2037 2003 2003 2038 2004 2004 2039 2005 2006 1972 2007 2007 1973 2008 2008 1974 2009 2009 1975 2010 2010 1976 2011 2011 1977 2012 2012 1978 2013 2013 1979 2014 2014 1980 2015 2015 1981 2016 2016 1982 2017 2017 1983 2018 2018 1984 2019 2019 1985 2020 2020 1986 2021 2021 1987 2022 2022 1988 2023 2023 1989 2024 2024 1990 2025 2025 1991 2026 2026 1992 2027 2027 1993 2028 2028 1994 2029 2029 1995 2030 2030 1996 2031 2031 1997 2032 2032 1998 2033 2033 1999 2034 2034 2000 2035 2035 2001 2036 2036 2002 2037 2037 2003 2038 2038 2004 2039 2006 2040 2007 2007 2041 2008 2008 2042 2009 2009 2043 2010 2010 2044 2011 2011 2045 2012 2012 2046 2013 2013 2047 2014 2014 2048 2015 2015 2049 2016 2016 2050 2017 2017 2051 2018 2018 2052 2019 2019 2053 2020 2020 2054 2021 2021 2055 2022 2022 2056 2023 2023 2057 2024 2024 2058 2025 2025 2059 2026 2026 2060 2027 2027 2061 2028 2028 2062 2029 2029 2063 2030 2030 2064 2031 2031 2065 2032 2032 2066 2033 2033 2067 2034 2034 2068 2035 2035 2069 2036 2036 2070 2037 2037 2071 2038 2038 2072 2039 2040 2007 2041 2041 2008 2042 2042 2009 2043 2043 2010 2044 2044 2011 2045 2045 2012 2046 2046 2013 2047 2047 2014 2048 2048 2015 2049 2049 2016 2050 2050 2017 2051 2051 2018 2052 2052 2019 2053 2053 2020 2054 2054 2021 2055 2055 2022 2056 2056 2023 2057 2057 2024 2058 2058 2025 2059 2059 2026 2060 2060 2027 2061 2061 2028 2062 2062 2029 2063 2063 2030 2064 2064 2031 2065 2065 2032 2066 2066 2033 2067 2067 2034 2068 2068 2035 2069 2069 2036 2070 2070 2037 2071 2071 2038 2072 2040 2073 2041 2041 2074 2042 2042 2075 2043 2043 2076 2044 2044 2077 2045 2045 2078 2046 2046 2079 2047 2047 2080 2048 2048 2081 2049 2049 2082 2050 2050 2083 2051 2051 2084 2052 2052 2085 2053 2053 2086 2054 2054 2087 2055 2055 2088 2056 2056 2089 2057 2057 2090 2058 2058 2091 2059 2059 2092 2060 2060 2093 2061 2061 2094 2062 2062 2095 2063 2063 2096 2064 2064 2097 2065 2065 2098 2066 2066 2099 2067 2067 2100 2068 2068 2101 2069 2069 2102 2070 2070 2103 2071 2071 2104 2072 2073 2041 2074 2074 2042 2075 2075 2043 2076 2076 2044 2077 2077 2045 2078 2078 2046 2079 2079 2047 2080 2080 2048 2081 2081 2049 2082 2082 2050 2083 2083 2051 2084 2084 2052 2085 2085 2053 2086 2086 2054 2087 2087 2055 2088 2088 2056 2089 2089 2057 2090 2090 2058 2091 2091 2059 2092 2092 2060 2093 2093 2061 2094 2094 2062 2095 2095 2063 2096 2096 2064 2097 2097 2065 2098 2098 2066 2099 2099 2067 2100 2100 2068 2101 2101 2069 2102 2102 2070 2103 2103 2071 2104 2073 2105 2074 2074 2106 2075 2075 2107 2076 2076 2108 2077 2077 2109 2078 2078 2110 2079 2079 2111 2080 2080 2112 2081 2081 2113 2082 2082 2114 2083 2083 2115 2084 2084 2116 2085 2085 2117 2086 2086 2118 2087 2087 2119 2088 2088 2120 2089 2089 2121 2090 2090 2122 2091 2091 2123 2092 2092 2124 2093 2093 2125 2094 2094 2126 2095 2095 2127 2096 2096 2128 2097 2097 2129 2098 2098 2130 2099 2099 2131 2100 2100 2132 2101 2101 2133 2102 2102 2134 2103 2103 2135 2104 2105 2074 2106 2106 2075 2107 2107 2076 2108 2108 2077 2109 2109 2078 2110 2110 2079 2111 2111 2080 2112 2112 2081 2113 2113 2082 2114 2114 2083 2115 2115 2084 2116 2116 2085 2117 2117 2086 2118 2118 2087 2119 2119 2088 2120 2120 2089 2121 2121 2090 2122 2122 2091 2123 2123 2092 2124 2124 2093 2125 2125 2094 2126 2126 2095 2127 2127 2096 2128 2128 2097 2129 2129 2098 2130 2130 2099 2131 2131 2100 2132 2132 2101 2133 2133 2102 2134 2134 2103 2135 2105 2136 2106 2106 2137 2107 2107 2138 2108 2108 2139 2109 2109 2140 2110 2110 2141 2111 2111 2142 2112 2112 2143 2113 2113 2144 2114 2114 2145 2115 2115 2146 2116 2116 2147 2117 2117 2148 2118 2118 2149 2119 2119 2150 2120 2120 2151 2121 2121 2152 2122 2122 2153 2123 2123 2154 2124 2124 2155 2125 2125 2156 2126 2126 2157 2127 2127 2158 2128 2128 2159 2129 2129 2160 2130 2130 2161 2131 2131 2162 2132 2132 2163 2133 2133 2164 2134 2134 2165 2135 2136 2106 2137 2137 2107 2138 2138 2108 2139 2139 2109 2140 2140 2110 2141 2141 2111 2142 2142 2112 2143 2143 2113 2144 2144 2114 2145 2145 2115 2146 2146 2116 2147 2147 2117 2148 2148 2118 2149 2149 2119 2150 2150 2120 2151 2151 2121 2152 2152 2122 2153 2153 2123 2154 2154 2124 2155 2155 2125 2156 2156 2126 2157 2157 2127 2158 2158 2128 2159 2159 2129 2160 2160 2130 2161 2161 2131 2162 2162 2132 2163 2163 2133 2164 2164 2134 2165 2136 2166 2137 2137 2167 2138 2138 2168 2139 2139 2169 2140 2140 2170 2141 2141 2171 2142 2142 2172 2143 2143 2173 2144 2144 2174 2145 2145 2175 2146 2146 2176 2147 2147 2177 2148 2148 2178 2149 2149 2179 2150 2150 2180 2151 2151 2181 2152 2152 2182 2153 2153 2183 2154 2154 2184 2155 2155 2185 2156 2156 2186 2157 2157 2187 2158 2158 2188 2159 2159 2189 2160 2160 2190 2161 2161 2191 2162 2162 2192 2163 2163 2193 2164 2164 2194 2165 2166 2137 2167 2167 2138 2168 2168 2139 2169 2169 2140 2170 2170 2141 2171 2171 2142 2172 2172 2143 2173 2173 2144 2174 2174 2145 2175 2175 2146 2176 2176 2147 2177 2177 2148 2178 2178 2149 2179 2179 2150 2180 2180 2151 2181 2181 2152 2182 2182 2153 2183 2183 2154 2184 2184 2155 2185 2185 2156 2186 2186 2157 2187 2187 2158 2188 2188 2159 2189 2189 2160 2190 2190 2161 2191 2191 2162 2192 2192 2163 2193 2193 2164 2194 2166 2195 2167 2167 2196 2168 2168 2197 2169 2169 2198 2170 2170 2199 2171 2171 2200 2172 2172 2201 2173 2173 2202 2174 2174 2203 2175 2175 2204 2176 2176 2205 2177 2177 2206 2178 2178 2207 2179 2179 2208 2180 2180 2209 2181 2181 2210 2182 2182 2211 2183 2183 2212 2184 2184 2213 2185 2185 2214 2186 2186 2215 2187 2187 2216 2188 2188 2217 2189 2189 2218 2190 2190 2219 2191 2191 2220 2192 2192 2221 2193 2193 2222 2194 2195 2167 2196 2196 2168 2197 2197 2169 2198 2198 2170 2199 2199 2171 2200 2200 2172 2201 2201 2173 2202 2202 2174 2203 2203 2175 2204 2204 2176 2205 2205 2177 2206 2206 2178 2207 2207 2179 2208 2208 2180 2209 2209 2181 2210 2210 2182 2211 2211 2183 2212 2212 2184 2213 2213 2185 2214 2214 2186 2215 2215 2187 2216 2216 2188 2217 2217 2189 2218 2218 2190 2219 2219 2191 2220 2220 2192 2221 2221 2193 2222 2195 2223 2196 2196 2224 2197 2197 2225 2198 2198 2226 2199 2199 2227 2200 2200 2228 2201 2201 2229 2202 2202 2230 2203 2203 2231 2204 2204 2232 2205 2205 2233 2206 2206 2234 2207 2207 2235 2208 2208 2236 2209 2209 2237 2210 2210 2238 2211 2211 2239 2212 2212 2240 2213 2213 2241 2214 2214 2242 2215 2215 2243 2216 2216 2244 2217 2217 2245 2218 2218 2246 2219 2219 2247 2220 2220 2248 2221 2221 2249 2222 2223 2196 2224 2224 2197 2225 2225 2198 2226 2226 2199 2227 2227 2200 2228 2228 2201 2229 2229 2202 2230 2230 2203 2231 2231 2204 2232 2232 2205 2233 2233 2206 2234 2234 2207 2235 2235 2208 2236 2236 2209 2237 2237 2210 2238 2238 2211 2239 2239 2212 2240 2240 2213 2241 2241 2214 2242 2242 2215 2243 2243 2216 2244 2244 2217 2245 2245 2218 2246 2246 2219 2247 2247 2220 2248 2248 2221 2249 2223 2250 2224 2224 2251 2225 2225 2252 2226 2226 2253 2227 2227 2254 2228 2228 2255 2229 2229 2256 2230 2230 2257 2231 2231 2258 2232 2232 2259 2233 2233 2260 2234 2234 2261 2235 2235 2262 2236 2236 2263 2237 2237 2264 2238 2238 2265 2239 2239 2266 2240 2240 2267 2241 2241 2268 2242 2242 2269 2243 2243 2270 2244 2244 2271 2245 2245 2272 2246 2246 2273 2247 2247 2274 2248 2248 2275 2249 2250 2224 2251 2251 2225 2252 2252 2226 2253 2253 2227 2254 2254 2228 2255 2255 2229 2256 2256 2230 2257 2257 2231 2258 2258 2232 2259 2259 2233 2260 2260 2234 2261 2261 2235 2262 2262 2236 2263 2263 2237 2264 2264 2238 2265 2265 2239 2266 2266 2240 2267 2267 2241 2268 2268 2242 2269 2269 2243 2270 2270 2244 2271 2271 2245 2272 2272 2246 2273 2273 2247 2274 2274 2248 2275 2250 2276 2251 2251 2277 2252 2252 2278 2253 2253 2279 2254 2254 2280 2255 2255 2281 2256 2256 2282 2257 2257 2283 2258 2258 2284 2259 2259 2285 2260 2260 2286 2261 2261 2287 2262 2262 2288 2263 2263 2289 2264 2264 2290 2265 2265 2291 2266 2266 2292 2267 2267 2293 2268 2268 2294 2269 2269 2295 2270 2270 2296 2271 2271 2297 2272 2272 2298 2273 2273 2299 2274 2274 2300 2275 2276 2251 2277 2277 2252 2278 2278 2253 2279 2279 2254 2280 2280 2255 2281 2281 2256 2282 2282 2257 2283 2283 2258 2284 2284 2259 2285 2285 2260 2286 2286 2261 2287 2287 2262 2288 2288 2263 2289 2289 2264 2290 2290 2265 2291 2291 2266 2292 2292 2267 2293 2293 2268 2294 2294 2269 2295 2295 2270 2296 2296 2271 2297 2297 2272 2298 2298 2273 2299 2299 2274 2300 2276 2301 2277 2277 2302 2278 2278 2303 2279 2279 2304 2280 2280 2305 2281 2281 2306 2282 2282 2307 2283 2283 2308 2284 2284 2309 2285 2285 2310 2286 2286 2311 2287 2287 2312 2288 2288 2313 2289 2289 2314 2290 2290 2315 2291 2291 2316 2292 2292 2317 2293 2293 2318 2294 2294 2319 2295 2295 2320 2296 2296 2321 2297 2297 2322 2298 2298 2323 2299 2299 2324 2300 2301 2277 2302 2302 2278 2303 2303 2279 2304 2304 2280 2305 2305 2281 2306 2306 2282 2307 2307 2283 2308 2308 2284 2309 2309 2285 2310 2310 2286 2311 2311 2287 2312 2312 2288 2313 2313 2289 2314 2314 2290 2315 2315 2291 2316 2316 2292 2317 2317 2293 2318 2318 2294 2319 2319 2295 2320 2320 2296 2321 2321 2297 2322 2322 2298 2323 2323 2299 2324 2301 2325 2302 2302 2326 2303 2303 2327 2304 2304 2328 2305 2305 2329 2306 2306 2330 2307 2307 2331 2308 2308 2332 2309 2309 2333 2310 2310 2334 2311 2311 2335 2312 2312 2336 2313 2313 2337 2314 2314 2338 2315 2315 2339 2316 2316 2340 2317 2317 2341 2318 2318 2342 2319 2319 2343 2320 2320 2344 2321 2321 2345 2322 2322 2346 2323 2323 2347 2324 2325 2302 2326 2326 2303 2327 2327 2304 2328 2328 2305 2329 2329 2306 2330 2330 2307 2331 2331 2308 2332 2332 2309 2333 2333 2310 2334 2334 2311 2335 2335 2312 2336 2336 2313 2337 2337 2314 2338 2338 2315 2339 2339 2316 2340 2340 2317 2341 2341 2318 2342 2342 2319 2343 2343 2320 2344 2344 2321 2345 2345 2322 2346 2346 2323 2347 2325 2348 2326 2326 2349 2327 2327 2350 2328 2328 2351 2329 2329 2352 2330 2330 2353 2331 2331 2354 2332 2332 2355 2333 2333 2356 2334 2334 2357 2335 2335 2358 2336 2336 2359 2337 2337 2360 2338 2338 2361 2339 2339 2362 2340 2340 2363 2341 2341 2364 2342 2342 2365 2343 2343 2366 2344 2344 2367 2345 2345 2368 2346 2346 2369 2347 2348 2326 2349 2349 2327 2350 2350 2328 2351 2351 2329 2352 2352 2330 2353 2353 2331 2354 2354 2332 2355 2355 2333 2356 2356 2334 2357 2357 2335 2358 2358 2336 2359 2359 2337 2360 2360 2338 2361 2361 2339 2362 2362 2340 2363 2363 2341 2364 2364 2342 2365 2365 2343 2366 2366 2344 2367 2367 2345 2368 2368 2346 2369 2348 2370 2349 2349 2371 2350 2350 2372 2351 2351 2373 2352 2352 2374 2353 2353 2375 2354 2354 2376 2355 2355 2377 2356 2356 2378 2357 2357 2379 2358 2358 2380 2359 2359 2381 2360 2360 2382 2361 2361 2383 2362 2362 2384 2363 2363 2385 2364 2364 2386 2365 2365 2387 2366 2366 2388 2367 2367 2389 2368 2368 2390 2369 2370 2349 2371 2371 2350 2372 2372 2351 2373 2373 2352 2374 2374 2353 2375 2375 2354 2376 2376 2355 2377 2377 2356 2378 2378 2357 2379 2379 2358 2380 2380 2359 2381 2381 2360 2382 2382 2361 2383 2383 2362 2384 2384 2363 2385 2385 2364 2386 2386 2365 2387 2387 2366 2388 2388 2367 2389 2389 2368 2390 2370 2391 2371 2371 2392 2372 2372 2393 2373 2373 2394 2374 2374 2395 2375 2375 2396 2376 2376 2397 2377 2377 2398 2378 2378 2399 2379 2379 2400 2380 2380 2401 2381 2381 2402 2382 2382 2403 2383 2383 2404 2384 2384 2405 2385 2385 2406 2386 2386 2407 2387 2387 2408 2388 2388 2409 2389 2389 2410 2390 2391 2371 2392 2392 2372 2393 2393 2373 2394 2394 2374 2395 2395 2375 2396 2396 2376 2397 2397 2377 2398 2398 2378 2399 2399 2379 2400 2400 2380 2401 2401 2381 2402 2402 2382 2403 2403 2383 2404 2404 2384 2405 2405 2385 2406 2406 2386 2407 2407 2387 2408 2408 2388 2409 2409 2389 2410 2391 2411 2392 2392 2412 2393 2393 2413 2394 2394 2414 2395 2395 2415 2396 2396 2416 2397 2397 2417 2398 2398 2418 2399 2399 2419 2400 2400 2420 2401 2401 2421 2402 2402 2422 2403 2403 2423 2404 2404 2424 2405 2405 2425 2406 2406 2426 2407 2407 2427 2408 2408 2428 2409 2409 2429 2410 2411 2392 2412 2412 2393 2413 2413 2394 2414 2414 2395 2415 2415 2396 2416 2416 2397 2417 2417 2398 2418 2418 2399 2419 2419 2400 2420 2420 2401 2421 2421 2402 2422 2422 2403 2423 2423 2404 2424 2424 2405 2425 2425 2406 2426 2426 2407 2427 2427 2408 2428 2428 2409 2429 2411 2430 2412 2412 2431 2413 2413 2432 2414 2414 2433 2415 2415 2434 2416 2416 2435 2417 2417 2436 2418 2418 2437 2419 2419 2438 2420 2420 2439 2421 2421 2440 2422 2422 2441 2423 2423 2442 2424 2424 2443 2425 2425 2444 2426 2426 2445 2427 2427 2446 2428 2428 2447 2429 2430 2412 2431 2431 2413 2432 2432 2414 2433 2433 2415 2434 2434 2416 2435 2435 2417 2436 2436 2418 2437 2437 2419 2438 2438 2420 2439 2439 2421 2440 2440 2422 2441 2441 2423 2442 2442 2424 2443 2443 2425 2444 2444 2426 2445 2445 2427 2446 2446 2428 2447 2430 2448 2431 2431 2449 2432 2432 2450 2433 2433 2451 2434 2434 2452 2435 2435 2453 2436 2436 2454 2437 2437 2455 2438 2438 2456 2439 2439 2457 2440 2440 2458 2441 2441 2459 2442 2442 2460 2443 2443 2461 2444 2444 2462 2445 2445 2463 2446 2446 2464 2447 2448 2431 2449 2449 2432 2450 2450 2433 2451 2451 2434 2452 2452 2435 2453 2453 2436 2454 2454 2437 2455 2455 2438 2456 2456 2439 2457 2457 2440 2458 2458 2441 2459 2459 2442 2460 2460 2443 2461 2461 2444 2462 2462 2445 2463 2463 2446 2464 2448 2465 2449 2449 2466 2450 2450 2467 2451 2451 2468 2452 2452 2469 2453 2453 2470 2454 2454 2471 2455 2455 2472 2456 2456 2473 2457 2457 2474 2458 2458 2475 2459 2459 2476 2460 2460 2477 2461 2461 2478 2462 2462 2479 2463 2463 2480 2464 2465 2449 2466 2466 2450 2467 2467 2451 2468 2468 2452 2469 2469 2453 2470 2470 2454 2471 2471 2455 2472 2472 2456 2473 2473 2457 2474 2474 2458 2475 2475 2459 2476 2476 2460 2477 2477 2461 2478 2478 2462 2479 2479 2463 2480 2465 2481 2466 2466 2482 2467 2467 2483 2468 2468 2484 2469 2469 2485 2470 2470 2486 2471 2471 2487 2472 2472 2488 2473 2473 2489 2474 2474 2490 2475 2475 2491 2476 2476 2492 2477 2477 2493 2478 2478 2494 2479 2479 2495 2480 2481 2466 2482 2482 2467 2483 2483 2468 2484 2484 2469 2485 2485 2470 2486 2486 2471 2487 2487 2472 2488 2488 2473 2489 2489 2474 2490 2490 2475 2491 2491 2476 2492 2492 2477 2493 2493 2478 2494 2494 2479 2495 2481 2496 2482 2482 2497 2483 2483 2498 2484 2484 2499 2485 2485 2500 2486 2486 2501 2487 2487 2502 2488 2488 2503 2489 2489 2504 2490 2490 2505 2491 2491 2506 2492 2492 2507 2493 2493 2508 2494 2494 2509 2495 2496 2482 2497 2497 2483 2498 2498 2484 2499 2499 2485 2500 2500 2486 2501 2501 2487 2502 2502 2488 2503 2503 2489 2504 2504 2490 2505 2505 2491 2506 2506 2492 2507 2507 2493 2508 2508 2494 2509 2496 2510 2497 2497 2511 2498 2498 2512 2499 2499 2513 2500 2500 2514 2501 2501 2515 2502 2502 2516 2503 2503 2517 2504 2504 2518 2505 2505 2519 2506 2506 2520 2507 2507 2521 2508 2508 2522 2509 2510 2497 2511 2511 2498 2512 2512 2499 2513 2513 2500 2514 2514 2501 2515 2515 2502 2516 2516 2503 2517 2517 2504 2518 2518 2505 2519 2519 2506 2520 2520 2507 2521 2521 2508 2522 2510 2523 2511 2511 2524 2512 2512 2525 2513 2513 2526 2514 2514 2527 2515 2515 2528 2516 2516 2529 2517 2517 2530 2518 2518 2531 2519 2519 2532 2520 2520 2533 2521 2521 2534 2522 2523 2511 2524 2524 2512 2525 2525 2513 2526 2526 2514 2527 2527 2515 2528 2528 2516 2529 2529 2517 2530 2530 2518 2531 2531 2519 2532 2532 2520 2533 2533 2521 2534 2523 2535 2524 2524 2536 2525 2525 2537 2526 2526 2538 2527 2527 2539 2528 2528 2540 2529 2529 2541 2530 2530 2542 2531 2531 2543 2532 2532 2544 2533 2533 2545 2534 2535 2524 2536 2536 2525 2537 2537 2526 2538 2538 2527 2539 2539 2528 2540 2540 2529 2541 2541 2530 2542 2542 2531 2543 2543 2532 2544 2544 2533 2545 2535 2546 2536 2536 2547 2537 2537 2548 2538 2538 2549 2539 2539 2550 2540 2540 2551 2541 2541 2552 2542 2542 2553 2543 2543 2554 2544 2544 2555 2545 2546 2536 2547 2547 2537 2548 2548 2538 2549 2549 2539 2550 2550 2540 2551 2551 2541 2552 2552 2542 2553 2553 2543 2554 2554 2544 2555 2546 2556 2547 2547 2557 2548 2548 2558 2549 2549 2559 2550 2550 2560 2551 2551 2561 2552 2552 2562 2553 2553 2563 2554 2554 2564 2555 2556 2547 2557 2557 2548 2558 2558 2549 2559 2559 2550 2560 2560 2551 2561 2561 2552 2562 2562 2553 2563 2563 2554 2564 2556 2565 2557 2557 2566 2558 2558 2567 2559 2559 2568 2560 2560 2569 2561 2561 2570 2562 2562 2571 2563 2563 2572 2564 2565 2557 2566 2566 2558 2567 2567 2559 2568 2568 2560 2569 2569 2561 2570 2570 2562 2571 2571 2563 2572 2565 2573 2566 2566 2574 2567 2567 2575 2568 2568 2576 2569 2569 2577 2570 2570 2578 2571 2571 2579 2572 2573 2566 2574 2574 2567 2575 2575 2568 2576 2576 2569 2577 2577 2570 2578 2578 2571 2579 2573 2580 2574 2574 2581 2575 2575 2582 2576 2576 2583 2577 2577 2584 2578 2578 2585 2579 2580 2574 2581 2581 2575 2582 2582 2576 2583 2583 2577 2584 2584 2578 2585 2580 2586 2581 2581 2587 2582 2582 2588 2583 2583 2589 2584 2584 2590 2585 2586 2581 2587 2587 2582 2588 2588 2583 2589 2589 2584 2590 2586 2591 2587 2587 2592 2588 2588 2593 2589 2589 2594 2590 2591 2587 2592 2592 2588 2593 2593 2589 2594 2591 2595 2592 2592 2596 2593 2593 2597 2594 2595 2592 2596 2596 2593 2597 2595 2598 2596 2596 2599 2597 2598 2596 2599 2598 2600 2599 </DataArray>
        <DataArray type="Int32" Name="offsets" format="ascii">3 6 9 12 15 18 21 24 27 30 33 36 39 42 45 48 51 54 57 60 63 66 69 72 75 78 81 84 87 90 93 96 99 102 105 108 111 114 117 120 123 126 129 132 135 138 141 144 147 150 153 156 159 162 165 168 171 174 177 180 183 186 189 192 195 198 201 204 207 210 213 216 219 222 225 228 231 234 237 240 243 246 249 252 255 258 261 264 267 270 273 276 279 282 285 288 291 294 297 300 303 306 309 312 315 318 321 324 327 330 333 336 339 342 345 348 351 354 357 360 363 366 369 372 375 378 381 384 387 390 393 396 399 402 405 408 411 414 417 420 423 426 429 432 435 438 441 444 447 450 453 456 459 462 465 468 471 474 477 480 483 486 489 492 495 498 501 504 507 510 513 516 519 522 525 528 531 534 537 540 543 546 549 552 555 558 561 564 567 570 573 576 579 582 585 588 591 594 597 600 603 606 609 612 615 618 621 624 627 630 633 636 639 642 645 648 651 654 657 660 663 666 669 672 675 678 681 684 687 690 693 696 699 702 705 708 711 714 717 720 723 726 729 732 735 738 741 744 747 750 753 756 759 762 765 768 771 774 777 780 783 786 789 792 795 798 801 804 807 810 813 816 819 822 825 828 831 834 837 840 843 846 849 852 855 858 861 864 867 870 873 876 879 882 885 888 891 894 897 900 903 906 909 912 915 918 921 924 927 930 933 936 939 942 945 948 951 954 957 960 963 966 969 972 975 978 981 984 987 990 993 996 999 1002 1005 1008 1011 1014 1017 1020 1023 1026 1029 1032 1035 1038 1041 1044 1047 1050 1053 1056 1059 1062 1065 1068 1071 1074 1077 1080 1083 1086 1089 1092 1095 1098 1101 1104 1107 1110 1113 1116 1119 1122 1125 1128 1131 1134 1137 1140 1143 1146 1149 1152 1155 1158 1161 1164 1167 1170 1173 1176 1179 1182 1185 1188 1191 1194 1197 1200 1203 1206 1209 1212 1215 1218 1221 1224 1227 1230 1233 1236 1239 1242 1245 1248 1251 1254 1257 1260 1263 1266 1269 1272 1275 1278 1281 1284 1287 1290 1293 1296 1299 1302 1305 1308 1311 1314 1317 1320 1323 1326 1329 1332 1335 1338 1341 1344 1347 1350 1353 1356 1359 1362 1365 1368 1371 1374 1377 1380 1383 1386 1389 1392 1395 1398 1401 1404 1407 1410 1413 1416 1419 1422 1425 1428 1431 1434 1437 1440 1443 1446 1449 1452 1455 1458 1461 1464 1467 1470 1473 1476 1479 1482 1485 1488 1491 1494 1497 1500 1503 1506 1509 1512 1515 1518 1521 1524 1527 1530 1533 1536 1539 1542 1545 1548 1551 1554 1557 1560 1563 1566 1569 1572 1575 1578 1581 1584 1587 1590 1593 1596 1599 1602 1605 1608 1611 1614 1617 1620 1623 1626 1629 1632 1635 1638 1641 1644 1647 1650 1653 1656 1659 1662 1665 1668 1671 1674 1677 1680 1683 1686 1689 1692 1695 1698 1701 1704 1707 1710 1713 1716 1719 1722 1725 1728 1731 1734 1737 1740 1743 1746 1749 1752 1755 1758 1761 1764 1767 1770 1773 1776 1779 1782 1785 1788 1791 1794 1797 1800 1803 1806 1809 1812 1815 1818 1821 1824 1827 1830 1833 1836 1839 1842 1845 1848 1851 1854 1857 1860 1863 1866 1869 1872 1875 1878 1881 1884 1887 1890 1893 1896 1899 1902 1905 1908 1911 1914 1917 1920 1923 1926 1929 1932 1935 1938 1941 1944 1947 1950 1953 1956 1959 1962 1965 1968 1971 1974 1977 1980 1983 1986 1989 1992 1995 1998 2001 2004 2007 2010 2013 2016 2019 2022 2025 2028 2031 2034 2037 2040 2043 2046 2049 2052 2055 2058 2061 2064 2067 2070 2073 2076 2079 2082 2085 2088 2091 2094 2097 2100 2103 2106 2109 2112 2115 2118 2121 2124 2127 2130 2133 2136 2139 2142 2145 2148 2151 2154 2157 2160 2163 2166 2169 2172 2175 2178 2181 2184 2187 2190 2193 2196 2199 2202 2205 2208 2211 2214 2217 2220 2223 2226 2229 2232 2235 2238 2241 2244 2247 2250 2253 2256 2259 2262 2265 2268 2271 2274 2277 2280 2283 2286 2289 2292 2295 2298 2301 2304 2307 2310 2313 2316 2319 2322 2325 2328 2331 2334 2337 2340 2343 2346 2349 2352 2355 2358 2361 2364 2367 2370 2373 2376 2379 2382 2385 2388 2391 2394 2397 2400 2403 2406 2409 2412 2415 2418 2421 2424 2427 2430 2433 2436 2439 2442 2445 2448 2451 2454 2457 2460 2463 2466 2469 2472 2475 2478 2481 2484 2487 2490 2493 2496 2499 2502 2505 2508 2511 2514 2517 2520 2523 2526 2529 2532 2535 2538 2541 2544 2547 2550 2553 2556 2559 2562 2565 2568 2571 2574 2577 2580 2583 2586 2589 2592 2595 2598 2601 2604 2607 2610 2613 2616 2619 2622 2625 2628 2631 2634 2637 2640 2643 2646 2649 2652 2655 2658 2661 2664 2667 2670 2673 2676 2679 2682 2685 2688 2691 2694 2697 2700 2703 2706 2709 2712 2715 2718 2721 2724 2727 2730 2733 2736 2739 2742 2745 2748 2751 2754 2757 2760 2763 2766 2769 2772 2775 2778 2781 2784 2787 2790 2793 2796 2799 2802 2805 2808 2811 2814 2817 2820 2823 2826 2829 2832 2835 2838 2841 2844 2847 2850 2853 2856 2859 2862 2865 2868 2871 2874 2877 2880 2883 2886 2889 2892 2895 2898 2901 2904 2907 2910 2913 2916 2919 2922 2925 2928 2931 2934 2937 2940 2943 2946 2949 2952 2955 2958 2961 2964 2967 2970 2973 2976 2979 2982 2985 2988 2991 2994 2997 3000 3003 3006 3009 3012 3015 3018 3021 3024 3027 3030 3033 3036 3039 3042 3045 3048 3051 3054 3057 3060 3063 3066 3069 3072 3075 3078 3081 3084 3087 3090 3093 3096 3099 3102 3105 3108 3111 3114 3117 3120 3123 3126 3129 3132 3135 3138 3141 3144 3147 3150 3153 3156 3159 3162 3165 3168 3171 3174 3177 3180 3183 3186 3189 3192 3195 3198 3201 3204 3207 3210 3213 3216 3219 3222 3225 3228 3231 3234 3237 3240 3243 3246 3249 3252 3255 3258 3261 3264 3267 3270 3273 3276 3279 3282 3285 3288 3291 3294 3297 3300 3303 3306 3309 3312 3315 3318 3321 3324 3327 3330 3333 3336 3339 3342 3345 3348 3351 3354 3357 3360 3363 3366 3369 3372 3375 3378 3381 3384 3387 3390 3393 3396 3399 3402 3405 3408 3411 3414 3417 3420 3423 3426 3429 3432 3435 3438 3441 3444 3447 3450 3453 3456 3459 3462 3465 3468 3471 3474 3477 3480 3483 3486 3489 3492 3495 3498 3501 3504 3507 3510 3513 3516 3519 3522 3525 3528 3531 3534 3537 3540 3543 3546 3549 3552 3555 3558 3561 3564 3567 3570 3573 3576 3579 3582 3585 3588 3591 3594 3597 3600 3603 3606 3609 3612 3615 3618 3621 3624 3627 3630 3633 3636 3639 3642 3645 3648 3651 3654 3657 3660 3663 3666 3669 3672 3675 3678 3681 3684 3687 3690 3693 3696 3699 3702 3705 3708 3711 3714 3717 3720 3723 3726 3729 3732 3735 3738 3741 3744 3747 3750 3753 3756 3759 3762 3765 3768 3771 3774 3777 3780 3783 3786 3789 3792 3795 3798 3801 3804 3807 3810 3813 3816 3819 3822 3825 3828 3831 3834 3837 3840 3843 3846 3849 3852 3855 3858 3861 3864 3867 3870 3873 3876 3879 3882 3885 3888 3891 3894 3897 3900 3903 3906 3909 3912 3915 3918 3921 3924 3927 3930 3933 3936 3939 3942 3945 3948 3951 3954 3957 3960 3963 3966 3969 3972 3975 3978 3981 3984 3987 3990 3993 3996 3999 4002 4005 4008 4011 4014 4017 4020 4023 4026 4029 4032 4035 4038 4041 4044 4047 4050 4053 4056 4059 4062 4065 4068 4071 4074 4077 4080 4083 4086 4089 4092 4095 4098 4101 4104 4107 4110 4113 4116 4119 4122 4125 4128 4131 4134 4137 4140 4143 4146 4149 4152 4155 4158 4161 4164 4167 4170 4173 4176 4179 4182 4185 4188 4191 4194 4197 4200 4203 4206 4209 4212 4215 4218 4221 4224 4227 4230 4233 4236 4239 4242 4245 4248 4251 4254 4257 4260 4263 4266 4269 4272 4275 4278 4281 4284 4287 4290 4293 4296 4299 4302 4305 4308 4311 4314 4317 4320 4323 4326 4329 4332 4335 4338 4341 4344 4347 4350 4353 4356 4359 4362 4365 4368 4371 4374 4377 4380 4383 4386 4389 4392 4395 4398 4401 4404 4407 4410 4413 4416 4419 4422 4425 4428 4431 4434 4437 4440 4443 4446 4449 4452 4455 4458 4461 4464 4467 4470 4473 4476 4479 4482 4485 4488 4491 4494 4497 4500 4503 4506 4509 4512 4515 4518 4521 4524 4527 4530 4533 4536 4539 4542 4545 4548 4551 4554 4557 4560 4563 4566 4569 4572 4575 4578 4581 4584 4587 4590 4593 4596 4599 4602 4605 4608 4611 4614 4617 4620 4623 4626 4629 4632 4635 4638 4641 4644 4647 4650 4653 4656 4659 4662 4665 4668 4671 4674 4677 4680 4683 4686 4689 4692 4695 4698 4701 4704 4707 4710 4713 4716 4719 4722 4725 4728 4731 4734 4737 4740 4743 4746 4749 4752 4755 4758 4761 4764 4767 4770 4773 4776 4779 4782 4785 4788 4791 4794 4797 4800 4803 4806 4809 4812 4815 4818 4821 4824 4827 4830 4833 4836 4839 4842 4845 4848 4851 4854 4857 4860 4863 4866 4869 4872 4875 4878 4881 4884 4887 4890 4893 4896 4899 4902 4905 4908 4911 4914 4917 4920 4923 4926 4929 4932 4935 4938 4941 4944 4947 4950 4953 4956 4959 4962 4965 4968 4971 4974 4977 4980 4983 4986 4989 4992 4995 4998 5001 5004 5007 5010 5013 5016 5019 5022 5025 5028 5031 5034 5037 5040 5043 5046 5049 5052 5055 5058 5061 5064 5067 5070 5073 5076 5079 5082 5085 5088 5091 5094 5097 5100 5103 5106 5109 5112 5115 5118 5121 5124 5127 5130 5133 5136 5139 5142 5145 5148 5151 5154 5157 5160 5163 5166 5169 5172 5175 5178 5181 5184 5187 5190 5193 5196 5199 5202 5205 5208 5211 5214 5217 5220 5223 5226 5229 5232 5235 5238 5241 5244 5247 5250 5253 5256 5259 5262 5265 5268 5271 5274 5277 5280 5283 5286 5289 5292 5295 5298 5301 5304 5307 5310 5313 5316 5319 5322 5325 5328 5331 5334 5337 5340 5343 5346 5349 5352 5355 5358 5361 5364 5367 5370 5373 5376 5379 5382 5385 5388 5391 5394 5397 5400 5403 5406 5409 5412 5415 5418 5421 5424 5427 5430 5433 5436 5439 5442 5445 5448 5451 5454 5457 5460 5463 5466 5469 5472 5475 5478 5481 5484 5487 5490 5493 5496 5499 5502 5505 5508 5511 5514 5517 5520 5523 5526 5529 5532 5535 5538 5541 5544 5547 5550 5553 5556 5559 5562 5565 5568 5571 5574 5577 5580 5583 5586 5589 5592 5595 5598 5601 5604 5607 5610 5613 5616 5619 5622 5625 5628 5631 5634 5637 5640 5643 5646 5649 5652 5655 5658 5661 5664 5667 5670 5673 5676 5679 5682 5685 5688 5691 5694 5697 5700 5703 5706 5709 5712 5715 5718 5721 5724 5727 5730 5733 5736 5739 5742 5745 5748 5751 5754 5757 5760 5763 5766 5769 5772 5775 5778 5781 5784 5787 5790 5793 5796 5799 5802 5805 5808 5811 5814 5817 5820 5823 5826 5829 5832 5835 5838 5841 5844 5847 5850 5853 5856 5859 5862 5865 5868 5871 5874 5877 5880 5883 5886 5889 5892 5895 5898 5901 5904 5907 5910 5913 5916 5919 5922 5925 5928 5931 5934 5937 5940 5943 5946 5949 5952 5955 5958 5961 5964 5967 5970 5973 5976 5979 5982 5985 5988 5991 5994 5997 6000 6003 6006 6009 6012 6015 6018 6021 6024 6027 6030 6033 6036 6039 6042 6045 6048 6051 6054 6057 6060 6063 6066 6069 6072 6075 6078 6081 6084 6087 6090 6093 6096 6099 6102 6105 6108 6111 6114 6117 6120 6123 6126 6129 6132 6135 6138 6141 6144 6147 6150 6153 6156 6159 6162 6165 6168 6171 6174 6177 6180 6183 6186 6189 6192 6195 6198 6201 6204 6207 6210 6213 6216 6219 6222 6225 6228 6231 6234 6237 6240 6243 6246 6249 6252 6255 6258 6261 6264 6267 6270 6273 6276 6279 6282 6285 6288 6291 6294 6297 6300 6303 6306 6309 6312 6315 6318 6321 6324 6327 6330 6333 6336 6339 6342 6345 6348 6351 6354 6357 6360 6363 6366 6369 6372 6375 6378 6381 6384 6387 6390 6393 6396 6399 6402 6405 6408 6411 6414 6417 6420 6423 6426 6429 6432 6435 6438 6441 6444 6447 6450 6453 6456 6459 6462 6465 6468 6471 6474 6477 6480 6483 6486 6489 6492 6495 6498 6501 6504 6507 6510 6513 6516 6519 6522 6525 6528 6531 6534 6537 6540 6543 6546 6549 6552 6555 6558 6561 6564 6567 6570 6573 6576 6579 6582 6585 6588 6591 6594 6597 6600 6603 6606 6609 6612 6615 6618 6621 6624 6627 6630 6633 6636 6639 6642 6645 6648 6651 6654 6657 6660 6663 6666 6669 6672 6675 6678 6681 6684 6687 6690 6693 6696 6699 6702 6705 6708 6711 6714 6717 6720 6723 6726 6729 6732 6735 6738 6741 6744 6747 6750 6753 6756 6759 6762 6765 6768 6771 6774 6777 6780 6783 6786 6789 6792 6795 6798 6801 6804 6807 6810 6813 6816 6819 6822 6825 6828 6831 6834 6837 6840 6843 6846 6849 6852 6855 6858 6861 6864 6867 6870 6873 6876 6879 6882 6885 6888 6891 6894 6897 6900 6903 6906 6909 6912 6915 6918 6921 6924 6927 6930 6933 6936 6939 6942 6945 6948 6951 6954 6957 6960 6963 6966 6969 6972 6975 6978 6981 6984 6987 6990 6993 6996 6999 7002 7005 7008 7011 7014 7017 7020 7023 7026 7029 7032 7035 7038 7041 7044 7047 7050 7053 7056 7059 7062 7065 7068 7071 7074 7077 7080 7083 7086 7089 7092 7095 7098 7101 7104 7107 7110 7113 7116 7119 7122 7125 7128 7131 7134 7137 7140 7143 7146 7149 7152 7155 7158 7161 7164 7167 7170 7173 7176 7179 7182 7185 7188 7191 7194 7197 7200 7203 7206 7209 7212 7215 7218 7221 7224 7227 7230 7233 7236 7239 7242 7245 7248 7251 7254 7257 7260 7263 7266 7269 7272 7275 7278 7281 7284 7287 7290 7293 7296 7299 7302 7305 7308 7311 7314 7317 7320 7323 7326 7329 7332 7335 7338 7341 7344 7347 7350 7353 7356 7359 7362 7365 7368 7371 7374 7377 7380 7383 7386 7389 7392 7395 7398 7401 7404 7407 7410 7413 7416 7419 7422 7425 7428 7431 7434 7437 7440 7443 7446 7449 7452 7455 7458 7461 7464 7467 7470 7473 7476 7479 7482 7485 7488 7491 7494 7497 7500 7503 7506 7509 7512 7515 7518 7521 7524 7527 7530 7533 7536 7539 7542 7545 7548 7551 7554 7557 7560 7563 7566 7569 7572 7575 7578 7581 7584 7587 7590 7593 7596 7599 7602 7605 7608 7611 7614 7617 7620 7623 7626 7629 7632 7635 7638 7641 7644 7647 7650 7653 7656 7659 7662 7665 7668 7671 7674 7677 7680 7683 7686 7689 7692 7695 7698 7701 7704 7707 7710 7713 7716 7719 7722 7725 7728 7731 7734 7737 7740 7743 7746 7749 7752 7755 7758 7761 7764 7767 7770 7773 7776 7779 7782 7785 7788 7791 7794 7797 7800 7803 7806 7809 7812 7815 7818 7821 7824 7827 7830 7833 7836 7839 7842 7845 7848 7851 7854 7857 7860 7863 7866 7869 7872 7875 7878 7881 7884 7887 7890 7893 7896 7899 7902 7905 7908 7911 7914 7917 7920 7923 7926 7929 7932 7935 7938 7941 7944 7947 7950 7953 7956 7959 7962 7965 7968 7971 7974 7977 7980 7983 7986 7989 7992 7995 7998 8001 8004 8007 8010 8013 8016 8019 8022 8025 8028 8031 8034 8037 8040 8043 8046 8049 8052 8055 8058 8061 8064 8067 8070 8073 8076 8079 8082 8085 8088 8091 8094 8097 8100 8103 8106 8109 8112 8115 8118 8121 8124 8127 8130 8133 8136 8139 8142 8145 8148 8151 8154 8157 8160 8163 8166 8169 8172 8175 8178 8181 8184 8187 8190 8193 8196 8199 8202 8205 8208 8211 8214 8217 8220 8223 8226 8229 8232 8235 8238 8241 8244 8247 8250 8253 8256 8259 8262 8265 8268 8271 8274 8277 8280 8283 8286 8289 8292 8295 8298 8301 8304 8307 8310 8313 8316 8319 8322 8325 8328 8331 8334 8337 8340 8343 8346 8349 8352 8355 8358 8361 8364 8367 8370 8373 8376 8379 8382 8385 8388 8391 8394 8397 8400 8403 8406 8409 8412 8415 8418 8421 8424 8427 8430 8433 8436 8439 8442 8445 8448 8451 8454 8457 8460 8463 8466 8469 8472 8475 8478 8481 8484 8487 8490 8493 8496 8499 8502 8505 8508 8511 8514 8517 8520 8523 8526 8529 8532 8535 8538 8541 8544 8547 8550 8553 8556 8559 8562 8565 8568 8571 8574 8577 8580 8583 8586 8589 8592 8595 8598 8601 8604 8607 8610 8613 8616 8619 8622 8625 8628 8631 8634 8637 8640 8643 8646 8649 8652 8655 8658 8661 8664 8667 8670 8673 8676 8679 8682 8685 8688 8691 8694 8697 8700 8703 8706 8709 8712 8715 8718 8721 8724 8727 8730 8733 8736 8739 8742 8745 8748 8751 8754 8757 8760 8763 8766 8769 8772 8775 8778 8781 8784 8787 8790 8793 8796 8799 8802 8805 8808 8811 8814 8817 8820 8823 8826 8829 8832 8835 8838 8841 8844 8847 8850 8853 8856 8859 8862 8865 8868 8871 8874 8877 8880 8883 8886 8889 8892 8895 8898 8901 8904 8907 8910 8913 8916 8919 8922 8925 8928 8931 8934 8937 8940 8943 8946 8949 8952 8955 8958 8961 8964 8967 8970 8973 8976 8979 8982 8985 8988 8991 8994 8997 9000 9003 9006 9009 9012 9015 9018 9021 9024 9027 9030 9033 9036 9039 9042 9045 9048 9051 9054 9057 9060 9063 9066 9069 9072 9075 9078 9081 9084 9087 9090 9093 9096 9099 9102 9105 9108 9111 9114 9117 9120 9123 9126 9129 9132 9135 9138 9141 9144 9147 9150 9153 9156 9159 9162 9165 9168 9171 9174 9177 9180 9183 9186 9189 9192 9195 9198 9201 9204 9207 9210 9213 9216 9219 9222 9225 9228 9231 9234 9237 9240 9243 9246 9249 9252 9255 9258 9261 9264 9267 9270 9273 9276 9279 9282 9285 9288 9291 9294 9297 9300 9303 9306 9309 9312 9315 9318 9321 9324 9327 9330 9333 9336 9339 9342 9345 9348 9351 9354 9357 9360 9363 9366 9369 9372 9375 9378 9381 9384 9387 9390 9393 9396 9399 9402 9405 9408 9411 9414 9417 9420 9423 9426 9429 9432 9435 9438 9441 9444 9447 9450 9453 9456 9459 9462 9465 9468 9471 9474 9477 9480 9483 9486 9489 9492 9495 9498 9501 9504 9507 9510 9513 9516 9519 9522 9525 9528 9531 9534 9537 9540 9543 9546 9549 9552 9555 9558 9561 9564 9567 9570 9573 9576 9579 9582 9585 9588 9591 9594 9597 9600 9603 9606 9609 9612 9615 9618 9621 9624 9627 9630 9633 9636 9639 9642 9645 9648 9651 9654 9657 9660 9663 9666 9669 9672 9675 9678 9681 9684 9687 9690 9693 9696 9699 9702 9705 9708 9711 9714 9717 9720 9723 9726 9729 9732 9735 9738 9741 9744 9747 9750 9753 9756 9759 9762 9765 9768 9771 9774 9777 9780 9783 9786 9789 9792 9795 9798 9801 9804 9807 9810 9813 9816 9819 9822 9825 9828 9831 9834 9837 9840 9843 9846 9849 9852 9855 9858 9861 9864 9867 9870 9873 9876 9879 9882 9885 9888 9891 9894 9897 9900 9903 9906 9909 9912 9915 9918 9921 9924 9927 9930 9933 9936 9939 9942 9945 9948 9951 9954 9957 9960 9963 9966 9969 9972 9975 9978 9981 9984 9987 9990 9993 9996 9999 10002 10005 10008 10011 10014 10017 10020 10023 10026 10029 10032 10035 10038 10041 10044 10047 10050 10053 10056 10059 10062 10065 10068 10071 10074 10077 10080 10083 10086 10089 10092 10095 10098 10101 10104 10107 10110 10113 10116 10119 10122 10125 10128 10131 10134 10137 10140 10143 10146 10149 10152 10155 10158 10161 10164 10167 10170 10173 10176 10179 10182 10185 10188 10191 10194 10197 10200 10203 10206 10209 10212 10215 10218 10221 10224 10227 10230 10233 10236 10239 10242 10245 10248 10251 10254 10257 10260 10263 10266 10269 10272 10275 10278 10281 10284 10287 10290 10293 10296 10299 10302 10305 10308 10311 10314 10317 10320 10323 10326 10329 10332 10335 10338 10341 10344 10347 10350 10353 10356 10359 10362 10365 10368 10371 10374 10377 10380 10383 10386 10389 10392 10395 10398 10401 10404 10407 10410 10413 10416 10419 10422 10425 10428 10431 10434 10437 10440 10443 10446 10449 10452 10455 10458 10461 10464 10467 10470 10473 10476 10479 10482 10485 10488 10491 10494 10497 10500 10503 10506 10509 10512 10515 10518 10521 10524 10527 10530 10533 10536 10539 10542 10545 10548 10551 10554 10557 10560 10563 10566 10569 10572 10575 10578 10581 10584 10587 10590 10593 10596 10599 10602 10605 10608 10611 10614 10617 10620 10623 10626 10629 10632 10635 10638 10641 10644 10647 10650 10653 10656 10659 10662 10665 10668 10671 10674 10677 10680 10683 10686 10689 10692 10695 10698 10701 10704 10707 10710 10713 10716 10719 10722 10725 10728 10731 10734 10737 10740 10743 10746 10749 10752 10755 10758 10761 10764 10767 10770 10773 10776 10779 10782 10785 10788 10791 10794 10797 10800 10803 10806 10809 10812 10815 10818 10821 10824 10827 10830 10833 10836 10839 10842 10845 10848 10851 10854 10857 10860 10863 10866 10869 10872 10875 10878 10881 10884 10887 10890 10893 10896 10899 10902 10905 10908 10911 10914 10917 10920 10923 10926 10929 10932 10935 10938 10941 10944 10947 10950 10953 10956 10959 10962 10965 10968 10971 10974 10977 10980 10983 10986 10989 10992 10995 10998 11001 11004 11007 11010 11013 11016 11019 11022 11025 11028 11031 11034 11037 11040 11043 11046 11049 11052 11055 11058 11061 11064 11067 11070 11073 11076 11079 11082 11085 11088 11091 11094 11097 11100 11103 11106 11109 11112 11115 11118 11121 11124 11127 11130 11133 11136 11139 11142 11145 11148 11151 11154 11157 11160 11163 11166 11169 11172 11175 11178 11181 11184 11187 11190 11193 11196 11199 11202 11205 11208 11211 11214 11217 11220 11223 11226 11229 11232 11235 11238 11241 11244 11247 11250 11253 11256 11259 11262 11265 11268 11271 11274 11277 11280 11283 11286 11289 11292 11295 11298 11301 11304 11307 11310 11313 11316 11319 11322 11325 11328 11331 11334 11337 11340 11343 11346 11349 11352 11355 11358 11361 11364 11367 11370 11373 11376 11379 11382 11385 11388 11391 11394 11397 11400 11403 11406 11409 11412 11415 11418 11421 11424 11427 11430 11433 11436 11439 11442 11445 11448 11451 11454 11457 11460 11463 11466 11469 11472 11475 11478 11481 11484 11487 11490 11493 11496 11499 11502 11505 11508 11511 11514 11517 11520 11523 11526 11529 11532 11535 11538 11541 11544 11547 11550 11553 11556 11559 11562 11565 11568 11571 11574 11577 11580 11583 11586 11589 11592 11595 11598 11601 11604 11607 11610 11613 11616 11619 11622 11625 11628 11631 11634 11637 11640 11643 11646 11649 11652 11655 11658 11661 11664 11667 11670 11673 11676 11679 11682 11685 11688 11691 11694 11697 11700 11703 11706 11709 11712 11715 11718 11721 11724 11727 11730 11733 11736 11739 11742 11745 11748 11751 11754 11757 11760 11763 11766 11769 11772 11775 11778 11781 11784 11787 11790 11793 11796 11799 11802 11805 11808 11811 11814 11817 11820 11823 11826 11829 11832 11835 11838 11841 11844 11847 11850 11853 11856 11859 11862 11865 11868 11871 11874 11877 11880 11883 11886 11889 11892 11895 11898 11901 11904 11907 11910 11913 11916 11919 11922 11925 11928 11931 11934 11937 11940 11943 11946 11949 11952 11955 11958 11961 11964 11967 11970 11973 11976 11979 11982 11985 11988 11991 11994 11997 12000 12003 12006 12009 12012 12015 12018 12021 12024 12027 12030 12033 12036 12039 12042 12045 12048 12051 12054 12057 12060 12063 12066 12069 12072 12075 12078 12081 12084 12087 12090 12093 12096 12099 12102 12105 12108 12111 12114 12117 12120 12123 12126 12129 12132 12135 12138 12141 12144 12147 12150 12153 12156 12159 12162 12165 12168 12171 12174 12177 12180 12183 12186 12189 12192 12195 12198 12201 12204 12207 12210 12213 12216 12219 12222 12225 12228 12231 12234 12237 12240 12243 12246 12249 12252 12255 12258 12261 12264 12267 12270 12273 12276 12279 12282 12285 12288 12291 12294 12297 12300 12303 12306 12309 12312 12315 12318 12321 12324 12327 12330 12333 12336 12339 12342 12345 12348 12351 12354 12357 12360 12363 12366 12369 12372 12375 12378 12381 12384 12387 12390 12393 12396 12399 12402 12405 12408 12411 12414 12417 12420 12423 12426 12429 12432 12435 12438 12441 12444 12447 12450 12453 12456 12459 12462 12465 12468 12471 12474 12477 12480 12483 12486 12489 12492 12495 12498 12501 12504 12507 12510 12513 12516 12519 12522 12525 12528 12531 12534 12537 12540 12543 12546 12549 12552 12555 12558 12561 12564 12567 12570 12573 12576 12579 12582 12585 12588 12591 12594 12597 12600 12603 12606 12609 12612 12615 12618 12621 12624 12627 12630 12633 12636 12639 12642 12645 12648 12651 12654 12657 12660 12663 12666 12669 12672 12675 12678 12681 12684 12687 12690 12693 12696 12699 12702 12705 12708 12711 12714 12717 12720 12723 12726 12729 12732 12735 12738 12741 12744 12747 12750 12753 12756 12759 12762 12765 12768 12771 12774 12777 12780 12783 12786 12789 12792 12795 12798 12801 12804 12807 12810 12813 12816 12819 12822 12825 12828 12831 12834 12837 12840 12843 12846 12849 12852 12855 12858 12861 12864 12867 12870 12873 12876 12879 12882 12885 12888 12891 12894 12897 12900 12903 12906 12909 12912 12915 12918 12921 12924 12927 12930 12933 12936 12939 12942 12945 12948 12951 12954 12957 12960 12963 12966 12969 12972 12975 12978 12981 12984 12987 12990 12993 12996 12999 13002 13005 13008 13011 13014 13017 13020 13023 13026 13029 13032 13035 13038 13041 13044 13047 13050 13053 13056 13059 13062 13065 13068 13071 13074 13077 13080 13083 13086 13089 13092 13095 13098 13101 13104 13107 13110 13113 13116 13119 13122 13125 13128 13131 13134 13137 13140 13143 13146 13149 13152 13155 13158 13161 13164 13167 13170 13173 13176 13179 13182 13185 13188 13191 13194 13197 13200 13203 13206 13209 13212 13215 13218 13221 13224 13227 13230 13233 13236 13239 13242 13245 13248 13251 13254 13257 13260 13263 13266 13269 13272 13275 13278 13281 13284 13287 13290 13293 13296 13299 13302 13305 13308 13311 13314 13317 13320 13323 13326 13329 13332 13335 13338 13341 13344 13347 13350 13353 13356 13359 13362 13365 13368 13371 13374 13377 13380 13383 13386 13389 13392 13395 13398 13401 13404 13407 13410 13413 13416 13419 13422 13425 13428 13431 13434 13437 13440 13443 13446 13449 13452 13455 13458 13461 13464 13467 13470 13473 13476 13479 13482 13485 13488 13491 13494 13497 13500 13503 13506 13509 13512 13515 13518 13521 13524 13527 13530 13533 13536 13539 13542 13545 13548 13551 13554 13557 13560 13563 13566 13569 13572 13575 13578 13581 13584 13587 13590 13593 13596 13599 13602 13605 13608 13611 13614 13617 13620 13623 13626 13629 13632 13635 13638 13641 13644 13647 13650 13653 13656 13659 13662 13665 13668 13671 13674 13677 13680 13683 13686 13689 13692 13695 13698 13701 13704 13707 13710 13713 13716 13719 13722 13725 13728 13731 13734 13737 13740 13743 13746 13749 13752 13755 13758 13761 13764 13767 13770 13773 13776 13779 13782 13785 13788 13791 13794 13797 13800 13803 13806 13809 13812 13815 13818 13821 13824 13827 13830 13833 13836 13839 13842 13845 13848 13851 13854 13857 13860 13863 13866 13869 13872 13875 13878 13881 13884 13887 13890 13893 13896 13899 13902 13905 13908 13911 13914 13917 13920 13923 13926 13929 13932 13935 13938 13941 13944 13947 13950 13953 13956 13959 13962 13965 13968 13971 13974 13977 13980 13983 13986 13989 13992 13995 13998 14001 14004 14007 14010 14013 14016 14019 14022 14025 14028 14031 14034 14037 14040 14043 14046 14049 14052 14055 14058 14061 14064 14067 14070 14073 14076 14079 14082 14085 14088 14091 14094 14097 14100 14103 14106 14109 14112 14115 14118 14121 14124 14127 14130 14133 14136 14139 14142 14145 14148 14151 14154 14157 14160 14163 14166 14169 14172 14175 14178 14181 14184 14187 14190 14193 14196 14199 14202 14205 14208 14211 14214 14217 14220 14223 14226 14229 14232 14235 14238 14241 14244 14247 14250 14253 14256 14259 14262 14265 14268 14271 14274 14277 14280 14283 14286 14289 14292 14295 14298 14301 14304 14307 14310 14313 14316 14319 14322 14325 14328 14331 14334 14337 14340 14343 14346 14349 14352 14355 14358 14361 14364 14367 14370 14373 14376 14379 14382 14385 14388 14391 14394 14397 14400 14403 14406 14409 14412 14415 14418 14421 14424 14427 14430 14433 14436 14439 14442 14445 14448 14451 14454 14457 14460 14463 14466 14469 14472 14475 14478 14481 14484 14487 14490 14493 14496 14499 14502 14505 14508 14511 14514 14517 14520 14523 14526 14529 14532 14535 14538 14541 14544 14547 14550 14553 14556 14559 14562 14565 14568 14571 14574 14577 14580 14583 14586 14589 14592 14595 14598 14601 14604 14607 14610 14613 14616 14619 14622 14625 14628 14631 14634 14637 14640 14643 14646 14649 14652 14655 14658 14661 14664 14667 14670 14673 14676 14679 14682 14685 14688 14691 14694 14697 14700 14703 14706 14709 14712 14715 14718 14721 14724 14727 14730 14733 14736 14739 14742 14745 14748 14751 14754 14757 14760 14763 14766 14769 14772 14775 14778 14781 14784 14787 14790 14793 14796 14799 14802 14805 14808 14811 14814 14817 14820 14823 14826 14829 14832 14835 14838 14841 14844 14847 14850 14853 14856 14859 14862 14865 14868 14871 14874 14877 14880 14883 14886 14889 14892 14895 14898 14901 14904 14907 14910 14913 14916 14919 14922 14925 14928 14931 14934 14937 14940 14943 14946 14949 14952 14955 14958 14961 14964 14967 14970 14973 14976 14979 14982 14985 14988 14991 14994 14997 15000 </DataArray>
        <DataArray type="Int8" Name="types" format="ascii">69 69 69 69 69 69 69 69 69 69 69 69 69 69 69 69 69 69 69 69 69 69 69 69 69 69 69 69 69 69 69 69 69 69 69 69 69 69 69 69 69 69 69 69 69 69 69 69 69 69 69 69 69 69 69 69 69 69 69 69 69 69 69 69 69 69 69 69 69 69 69 69 69 69 69 69 69 69 69 69 69 69 69 69 69 69 69 69 69 69 69 69 69 69 69 69 69 69 69 69 69 69 69 69 69 69 69 69 69 69 69 69 69 69 69 69 69 69 69 69 69 69 69 69 69 69 69 69 69 69 69 69 69 69 69 69 69 69 69 69 69 69 69 69 69 69 69 69 69 69 69 69 69 69 69 69 69 69 69 69 69 69 69 69 69 69 69 69 69 69 69 69 69 69 69 69 69 69 69 69 69 69 69 69 69 69 69 69 69 69 69 69 69 69 69 69 69 69 69 69 69 69 69 69 69 69 69 69 69 69 69 69 69 69 69 69 69 69 69 69 69 69 69 69 69 69 69 69 69 69 69 69 69 69 69 69 69 69 69 69 69 69 69 69 69 69 69 69 69 69 69 69 69 69 69 69 69 69 69 69 69 69 69 69 69 69 69 69 69 69 69 69 69 69 69 69 69 69 69 69 69 69 69 69 69 69 69 69 69 69 69 69 69 69 69 69 69 69 69 69 69 69 69 69 69 69 69 69 69 69 69 69 69 69 69 69 69 69 69 69 69 69 69 69 69 69 69 69 69 69 69 69 69 69 69 69 69 69 69 69 69 69 69 69 69 69 69 69 69 69 69 69 69 69 69 69 69 69 69 69 69 69 69 69 69 69 69 69 69 69 69 69 69 69 69 69 69 69 69 69 69 69 69 69 69 69 69 69 69 69 69 69 69 69 69 69 69 69 69 69 69 69 69 69 69 69 69 69 69 69 69 69 69 69 69 69 69 69 69 69 69 69 69 69 69 69 69 69 69 69 69 69 69 69 69 69 69 69 69 69 69 69 69 69 69 69 69 69 69 69 69 69 69 69 69 69 69 69 69 69 69 69 69 69 69 69 69 69 69 69 69 69 69 69 69 69 69 69 69 69 69 69 69 69 69 69 69 69 69 69 69 69 69 69 69 69 69 69 69 69 69 69 69 69 69 69 69 69 69 69 69 69 69 69 69 69 69 69 69 69 69 69 69 69 69 69 69 69 69 69 69 69 69 69 69 69 69 69 69 69 69 69 69 69 69 69 69 69 69 69 69 69 69 69 69 69 69 69 69 69 69 69 69 69 69 69 69 69 69 69 69 69 69 69 69 69 69 69 69 69 69 69 69 69 69 69 69 69 69 69 69 69 69 69 69 69 69 69 69 69 69 69 69 69 69 69 69 69 69 69 69 69 69 69 69 69 69 69 69 69 69 69 69 69 69 69 69 69 69 69 69 69 69 69 69 69 69 69 69 69 69 69 69 69 69 69 69 69 69 69 69 69 69 69 69 69 69 69 69 69 69 69 69 69 69 69 69 69 69 69 69 69 69 69 69 69 69 69 69 69 69 69 69 69 69 69 69 69 69 69 69 69 69 69 69 69 69 69 69 69 69 69 69 69 69 69 69 69 69 69 69 69 69 69 69 69 69 69 69 69 69 69 69 69 69 69 69 69 69 69 69 69 69 69 69 69 69 69 69 69 69 69 69 69 69 69 69 69 69 69 69 69 69 69 69 69 69 69 69 69 69 69 69 69 69 69 69 69 69 69 69 69 69 69 69 69 69 69 69 69 69 69 69 69 69 69 69 69 69 69 69 69 69 69 69 69 69 69 69 69 69 69 69 69 69 69 69 69 69 69 69 69 69 69 69 69 69 69 69 69 69 69 69 69 69 69 69 69 69 69 69 69 69 69 69 69 69 69 69 69 69 69 69 69 69 69 69 69 69 69 69 69 69 69 69 69 69 69 69 69 69 69 69 69 69 69 69 69 69 69 69 69 69 69 69 69 69 69 69 69 69 69 69 69 69 69 69 69 69 69 69 69 69 69 69 69 69 69 69 69 69 69 69 69 69 69 69 69 69 69 69 69 69 69 69 69 69 69 69 69 69 69 69 69 69 69 69 69 69 69 69 69 69 69 69 69 69 69 69 69 69 69 69 69 69 69 69 69 69 69 69 69 69 69 69 69 69 69 69 69 69 69 69 69 69 69 69 69 69 69 69 69 69 69 69 69 69 69 69 69 69 69 69 69 69 69 69 69 69 69 69 69 69 69 69 69 69 69 69 69 69 69 69 69 69 69 69 69 69 69 69 69 69 69 69 69 69 69 69 69 69 69 69 69 69 69 69 69 69 69 69 69 69 69 69 69 69 69 69 69 69 69 69 69 69 69 69 69 69 69 69 69 69 69 69 69 69 69 69 69 69 69 69 69 69 69 69 69 69 69 69 69 69 69 69 69 69 69 69 69 69 69 69 69 69 69 69 69 69 69 69 69 69 69 69 69 69 69 69 69 69 69 69 69 69 69 69 69 69 69 69 69 69 69 69 69 69 69 69 69 69 69 69 69 69 69 69 69 69 69 69 69 69 69 69 69 69 69 69 69 69 69 69 69 69 69 69 69 69 69 69 69 69 69 69 69 69 69 69 69 69 69 69 69 69 69 69 69 69 69 69 69 69 69 69 69 69 69 69 69 69 69 69 69 69 69 69 69 69 69 69 69 69 69 69 69 69 69 69 69 69 69 69 69 69 69 69 69 69 69 69 69 69 69 69 69 69 69 69 69 69 69 69 69 69 69 69 69 69 69 69 69 69 69 69 69 69 69 69 69 69 69 69 69 69 69 69 69 69 69 69 69 69 69 69 69 69 69 69 69 69 69 69 69 69 69 69 69 69 69 69 69 69 69 69 69 69 69 69 69 69 69 69 69 69 69 69 69 69 69 69 69 69 69 69 69 69 69 69 69 69 69 69 69 69 69 69 69 69 69 69 69 69 69 69 69 69 69 69 69 69 69 69 69 69 69 69 69 69 69 69 69 69 69 69 69 69 69 69 69 69 69 69 69 69 69 69 69 69 69 69 69 69 69 69 69 69 69 69 69 69 69 69 69 69 69 69 69 69 69 69 69 69 69 69 69 69 69 69 69 69 69 69 69 69 69 69 69 69 69 69 69 69 69 69 69 69 69 69 69 69 69 69 69 69 69 69 69 69 69 69 69 69 69 69 69 69 69 69 69 69 69 69 69 69 69 69 69 69 69 69 69 69 69 69 69 69 69 69 69 69 69 69 69 69 69 69 69 69 69 69 69 69 69 69 69 69 69 69 69 69 69 69 69 69 69 69 69 69 69 69 69 69 69 69 69 69 69 69 69 69 69 69 69 69 69 69 69 69 69 69 69 69 69 69 69 69 69 69 69 69 69 69 69 69 69 69 69 69 69 69 69 69 69 69 69 69 69 69 69 69 69 69 69 69 69 69 69 69 69 69 69 69 69 69 69 69 69 69 69 69 69 69 69 69 69 69 69 69 69 69 69 69 69 69 69 69 69 69 69 69 69 69 69 69 69 69 69 69 69 69 69 69 69 69 69 69 69 69 69 69 69 69 69 69 69 69 69 69 69 69 69 69 69 69 69 69 69 69 69 69 69 69 69 69 69 69 69 69 69 69 69 69 69 69 69 69 69 69 69 69 69 69 69 69 69 69 69 69 69 69 69 69 69 69 69 69 69 69 69 69 69 69 69 69 69 69 69 69 69 69 69 69 69 69 69 69 69 69 69 69 69 69 69 69 69 69 69 69 69 69 69 69 69 69 69 69 69 69 69 69 69 69 69 69 69 69 69 69 69 69 69 69 69 69 69 69 69 69 69 69 69 69 69 69 69 69 69 69 69 69 69 69 69 69 69 69 69 69 69 69 69 69 69 69 69 69 69 69 69 69 69 69 69 69 69 69 69 69 69 69 69 69 69 69 69 69 69 69 69 69 69 69 69 69 69 69 69 69 69 69 69 69 69 69 69 69 69 69 69 69 69 69 69 69 69 69 69 69 69 69 69 69 69 69 69 69 69 69 69 69 69 69 69 69 69 69 69 69 69 69 69 69 69 69 69 69 69 69 69 69 69 69 69 69 69 69 69 69 69 69 69 69 69 69 69 69 69 69 69 69 69 69 69 69 69 69 69 69 69 69 69 69 69 69 69 69 69 69 69 69 69 69 69 69 69 69 69 69 69 69 69 69 69 69 69 69 69 69 69 69 69 69 69 69 69 69 69 69 69 69 69 69 69 69 69 69 69 69 69 69 69 69 69 69 69 69 69 69 69 69 69 69 69 69 69 69 69 69 69 69 69 69 69 69 69 69 69 69 69 69 69 69 69 69 69 69 69 69 69 69 69 69 69 69 69 69 69 69 69 69 69 69 69 69 69 69 69 69 69 69 69 69 69 69 69 69 69 69 69 69 69 69 69 69 69 69 69 69 69 69 69 69 69 69 69 69 69 69 69 69 69 69 69 69 69 69 69 69 69 69 69 69 69 69 69 69 69 69 69 69 69 69 69 69 69 69 69 69 69 69 69 69 69 69 69 69 69 69 69 69 69 69 69 69 69 69 69 69 69 69 69 69 69 69 69 69 69 69 69 69 69 69 69 69 69 69 69 69 69 69 69 69 69 69 69 69 69 69 69 69 69 69 69 69 69 69 69 69 69 69 69 69 69 69 69 69 69 69 69 69 69 69 69 69 69 69 69 69 69 69 69 69 69 69 69 69 69 69 69 69 69 69 69 69 69 69 69 69 69 69 69 69 69 69 69 69 69 69 69 69 69 69 69 69 69 69 69 69 69 69 69 69 69 69 69 69 69 69 69 69 69 69 69 69 69 69 69 69 69 69 69 69 69 69 69 69 69 69 69 69 69 69 69 69 69 69 69 69 69 69 69 69 69 69 69 69 69 69 69 69 69 69 69 69 69 69 69 69 69 69 69 69 69 69 69 69 69 69 69 69 69 69 69 69 69 69 69 69 69 69 69 69 69 69 69 69 69 69 69 69 69 69 69 69 69 69 69 69 69 69 69 69 69 69 69 69 69 69 69 69 69 69 69 69 69 69 69 69 69 69 69 69 69 69 69 69 69 69 69 69 69 69 69 69 69 69 69 69 69 69 69 69 69 69 69 69 69 69 69 69 69 69 69 69 69 69 69 69 69 69 69 69 69 69 69 69 69 69 69 69 69 69 69 69 69 69 69 69 69 69 69 69 69 69 69 69 69 69 69 69 69 69 69 69 69 69 69 69 69 69 69 69 69 69 69 69 69 69 69 69 69 69 69 69 69 69 69 69 69 69 69 69 69 69 69 69 69 69 69 69 69 69 69 69 69 69 69 69 69 69 69 69 69 69 69 69 69 69 69 69 69 69 69 69 69 69 69 69 69 69 69 69 69 69 69 69 69 69 69 69 69 69 69 69 69 69 69 69 69 69 69 69 69 69 69 69 69 69 69 69 69 69 69 69 69 69 69 69 69 69 69 69 69 69 69 69 69 69 69 69 69 69 69 69 69 69 69 69 69 69 69 69 69 69 69 69 69 69 69 69 69 69 69 69 69 69 69 69 69 69 69 69 69 69 69 69 69 69 69 69 69 69 69 69 69 69 69 69 69 69 69 69 69 69 69 69 69 69 69 69 69 69 69 69 69 69 69 69 69 69 69 69 69 69 69 69 69 69 69 69 69 69 69 69 69 69 69 69 69 69 69 69 69 69 69 69 69 69 69 69 69 69 69 69 69 69 69 69 69 69 69 69 69 69 69 69 69 69 69 69 69 69 69 69 69 69 69 69 69 69 69 69 69 69 69 69 69 69 69 69 69 69 69 69 69 69 69 69 69 69 69 69 69 69 69 69 69 69 69 69 69 69 69 69 69 69 69 69 69 69 69 69 69 69 69 69 69 69 69 69 69 69 69 69 69 69 69 69 69 69 69 69 69 69 69 69 69 69 69 69 69 69 69 69 69 69 69 69 69 69 69 69 69 69 69 69 69 69 69 69 69 69 69 69 69 69 69 69 69 69 69 69 69 69 69 69 69 69 69 69 69 69 69 69 69 69 69 69 69 69 69 69 69 69 69 69 69 69 69 69 69 69 69 69 69 69 69 69 69 69 69 69 69 69 69 69 69 69 69 69 69 69 69 69 69 69 69 69 69 69 69 69 69 69 69 69 69 69 69 69 69 69 69 69 69 69 69 69 69 69 69 69 69 69 69 69 69 69 69 69 69 69 69 69 69 69 69 69 69 69 69 69 69 69 69 69 69 69 69 69 69 69 69 69 69 69 69 69 69 69 69 69 69 69 69 69 69 69 69 69 69 69 69 69 69 69 69 69 69 69 69 69 69 69 69 69 69 69 69 69 69 69 69 69 69 69 69 69 69 69 69 69 69 69 69 69 69 69 69 69 69 69 69 69 69 69 69 69 69 69 69 69 69 69 69 69 69 69 69 69 69 69 69 69 69 69 69 69 69 69 69 69 69 69 69 69 69 69 69 69 69 69 69 69 69 69 69 69 69 69 69 69 69 69 69 69 69 69 69 69 69 69 69 69 69 69 69 69 69 69 69 69 69 69 69 69 69 69 69 69 69 69 69 69 69 69 69 69 69 69 69 69 69 69 69 69 69 69 69 69 69 69 69 69 69 69 69 69 69 69 69 69 69 69 69 69 69 69 69 69 69 69 69 69 69 69 69 69 69 69 69 69 69 69 69 69 69 69 69 69 69 69 69 69 69 69 69 69 69 69 69 69 69 69 69 69 69 69 69 69 69 69 69 69 69 69 69 69 69 69 69 69 69 69 69 69 69 69 69 69 69 69 69 69 69 69 69 69 69 69 69 69 69 69 69 69 69 69 69 69 69 69 69 69 69 69 69 69 69 69 69 69 69 69 69 69 69 69 69 69 69 69 69 69 69 69 69 69 69 69 69 69 69 69 69 69 69 69 69 69 69 69 69 69 69 69 69 69 69 69 69 69 69 69 69 69 69 69 69 69 69 69 69 69 69 69 69 69 69 69 69 69 69 69 69 69 69 69 69 69 69 69 69 69 69 69 69 69 69 69 69 69 69 69 69 69 69 69 69 69 69 69 69 69 69 69 69 69 69 69 69 69 69 69 69 69 69 69 69 69 69 69 69 69 69 69 69 69 69 69 69 69 69 69 69 69 69 69 69 69 69 69 69 69 69 69 69 69 69 69 69 69 69 69 69 69 69 69 69 69 69 69 69 69 69 69 69 69 69 69 69 69 69 69 69 69 69 69 69 69 69 69 69 69 69 69 69 69 69 69 69 69 69 69 69 69 69 69 69 69 69 69 69 69 69 69 69 69 69 69 69 69 69 69 69 69 69 69 69 69 69 69 69 69 69 69 69 69 69 69 69 69 69 69 69 69 69 69 69 69 69 69 69 69 69 69 69 69 69 69 69 69 69 69 69 69 69 69 69 69 69 69 69 69 69 69 69 69 69 69 69 69 69 69 69 69 69 69 69 69 69 69 69 69 69 69 69 69 69 69 69 69 69 69 69 69 69 69 69 69 69 69 69 69 69 69 69 69 69 69 69 69 69 69 69 69 69 69 69 69 69 69 69 69 69 69 69 69 69 69 69 69 69 69 69 69 69 69 69 69 69 69 69 69 69 69 69 69 69 69 69 69 69 69 69 69 69 69 69 69 69 69 69 69 69 69 69 69 69 69 69 69 69 69 69 69 69 69 69 69 69 69 69 69 69 69 69 69 69 69 69 69 69 69 69 69 69 69 69 69 69 69 69 69 69 69 69 69 69 69 69 69 69 69 69 69 69 69 69 69 69 69 69 69 69 69 69 69 69 69 69 69 69 69 69 69 69 69 69 69 69 69 69 69 69 69 69 69 69 69 69 69 69 69 69 69 69 69 69 69 69 69 69 69 69 69 69 69 69 69 69 69 69 69 69 69 69 69 69 69 69 69 69 69 69 69 69 69 69 69 69 69 69 69 69 69 69 69 69 69 69 69 69 69 69 69 69 69 69 69 69 69 69 69 69 69 69 69 69 69 69 69 69 69 69 69 69 69 69 69 69 69 69 69 69 69 69 69 69 69 69 69 69 69 69 69 69 69 69 69 69 69 69 69 69 69 69 69 69 69 69 69 69 69 69 69 69 69 69 69 69 69 69 69 69 69 69 69 69 69 69 69 69 69 69 69 69 69 69 69 69 69 69 69 69 69 69 69 69 69 69 69 69 69 69 69 69 69 69 69 69 69 69 69 69 69 69 69 69 69 69 69 69 69 69 69 69 69 69 69 69 69 69 69 69 69 69 69 69 69 69 69 69 69 69 69 69 69 69 69 69 69 69 69 69 69 69 69 69 69 69 69 69 69 69 69 69 69 69 69 69 69 69 69 69 69 69 69 69 69 69 69 69 69 69 69 69 69 69 69 69 69 69 69 69 69 69 69 69 69 69 69 69 69 69 69 69 69 69 69 69 69 69 69 69 69 69 69 69 69 69 69 69 69 69 69 69 69 69 69 69 69 69 69 69 69 69 69 69 69 69 69 69 69 69 69 69 69 69 69 69 69 69 69 69 69 69 69 69 69 69 69 69 69 69 69 69 69 69 69 69 69 69 69 69 69 69 69 69 69 69 69 69 69 69 69 69 69 69 69 69 69 69 69 69 69 69 69 69 69 69 69 69 69 69 69 69 69 69 69 69 69 69 69 69 69 69 69 69 69 69 69 69 69 69 69 69 69 69 69 69 69 69 69 69 69 69 69 69 69 69 69 69 69 69 69 69 69 69 69 69 69 69 69 69 69 69 69 69 69 69 69 69 69 69 69 69 69 69 69 69 69 69 69 69 69 69 69 69 69 69 69 69 69 69 69 69 69 69 69 69 69 69 69 69 69 69 69 69 69 69 69 69 69 69 69 69 69 69 69 69 69 69 69 69 69 69 69 69 69 69 69 69 69 69 69 69 69 69 69 69 69 69 69 69 69 69 69 69 69 69 69 69 69 69 69 69 69 69 69 69 69 69 69 69 69 69 69 69 69 69 69 69 69 69 69 69 69 69 69 69 69 69 69 69 69 69 69 69 69 69 69 69 69 69 69 69 69 69 69 69 69 69 69 69 69 69 69 69 69 69 69 69 69 69 69 69 69 69 69 69 69 69 69 69 69 69 69 69 69 69 69 69 69 69 69 69 69 69 69 69 69 69 69 69 69 69 69 69 69 69 69 69 69 69 69 69 69 69 69 69 69 69 69 69 69 69 69 69 69 69 69 69 69 69 69 69 69 69 69 69 69 69 69 69 69 69 69 69 69 69 69 69 69 69 69 69 69 69 69 69 69 69 69 69 69 69 69 69 69 69 69 69 69 69 69 69 69 69 69 69 69 69 69 69 69 69 69 69 69 69 69 69 69 69 69 69 69 69 69 69 69 69 69 69 69 69 69 69 69 69 69 69 69 69 69 69 69 69 69 69 69 69 69 69 69 69 69 69 69 69 69 69 69 69 69 69 69 69 69 69 69 69 69 69 69 69 69 69 69 69 69 69 69 69 69 69 69 69 69 69 69 69 69 69 69 69 69 69 69 69 69 69 69 69 69 69 69 69 69 69 69 69 69 69 69 69 69 69 69 69 69 69 69 69 69 69 69 69 69 69 69 69 69 69 69 69 69 69 69 69 69 69 69 69 69 69 69 69 69 69 69 69 69 69 69 69 69 69 69 69 69 69 69 69 69 69 69 69 69 69 69 69 69 69 69 69 69 69 69 69 69 69 69 69 69 69 69 69 69 69 69 69 69 69 69 69 69 69 69 69 69 69 69 69 69 69 69 69 69 69 69 69 69 69 69 69 69 69 69 69 69 69 69 69 69 69 69 69 69 69 69 69 69 69 69 69 69 69 69 69 69 69 69 69 69 69 69 69 69 69 69 69 69 69 69 69 69 69 69 69 69 69 69 69 69 69 69 69 69 69 69 69 69 69 69 69 69 69 69 69 69 69 69 69 69 69 69 69 69 69 69 69 69 69 69 69 69 69 69 69 69 69 69 69 69 69 69 69 69 69 69 69 69 69 69 69 69 69 69 69 69 69 69 69 69 69 69 69 69 69 69 69 69 69 69 69 69 69 69 69 69 69 69 69 69 69 69 69 69 69 69 69 69 69 69 69 69 69 69 69 69 69 69 69 69 69 69 69 69 69 69 69 69 69 69 69 69 69 69 69 69 69 69 69 69 69 69 69 69 69 69 69 69 69 69 69 69 69 69 69 69 69 69 69 69 69 69 69 69 69 69 69 69 69 69 69 69 69 69 69 69 69 69 69 69 69 69 69 69 69 69 69 69 69 69 69 69 69 69 69 69 69 69 69 69 69 69 69 69 69 69 69 69 69 69 69 69 69 69 69 69 69 69 69 69 69 69 69 69 69 69 69 69 69 69 69 69 69 69 69 69 69 69 69 69 69 69 69 69 69 69 69 69 69 69 69 69 69 69 69 69 69 69 69 69 69 69 69 69 69 69 69 69 69 69 69 69 69 69 69 69 69 69 69 69 69 69 69 69 69 69 69 69 69 69 69 69 69 69 69 69 69 69 69 69 69 69 69 69 69 69 69 69 69 69 69 69 69 69 69 69 69 69 69 69 69 69 69 69 69 69 69 69 69 69 69 69 69 69 69 69 69 69 69 69 69 69 69 69 69 69 69 69 69 69 69 69 69 69 69 69 69 69 69 69 69 69 69 69 69 69 69 69 69 69 69 69 69 69 69 69 69 69 69 69 69 69 69 69 69 69 69 69 69 69 69 69 69 69 69 69 69 69 69 69 69 69 69 69 69 69 69 69 69 69 69 69 69 69 69 69 69 69 69 69 69 69 69 69 69 69 69 69 69 69 69 69 69 69 69 69 69 69 69 69 69 69 69 69 69 69 69 69 69 69 69 69 69 69 69 69 69 69 69 69 69 69 69 69 69 69 69 69 69 69 69 69 69 69 69 69 69 69 69 69 69 69 69 69 69 69 69 69 69 69 69 69 69 69 69 69 69 69 69 69 69 69 69 69 69 69 69 69 69 69 69 69 69 69 69 69 69 69 69 69 69 69 69 69 69 69 69 69 69 69 69 69 69 69 69 69 69 69 69 69 69 69 69 69 69 69 69 69 69 69 69 69 69 69 69 69 69 69 69 69 69 69 69 69 69 69 69 69 69 69 69 69 69 69 69 69 69 69 69 69 69 69 69 69 69 69 69 69 69 69 69 69 69 69 69 69 69 69 69 69 69 69 69 69 69 69 69 69 69 69 69 69 69 </DataArray>
      </Cells>
      <CellData>
        <DataArray type="UInt8" Name="vtkGhostType" format="ascii" RangeMin="0" RangeMax="1">0 0 0 0 0 0 0 0 0 0 0 0 0 0 0 0 0 0 0 0 0 0 0 0 0 0 0 0 0 0 0 0 0 0 0 0 0 0 0 0 0 0 0 0 0 0 0 0 0 0 0 0 0 0 0 0 0 0 0 0 0 0 0 0 0 0 0 0 0 0 0 0 0 0 0 0 0 0 0 0 0 0 0 0 0 0 0 0 0 0 0 0 0 0 0 0 0 0 0 0 0 0 0 0 0 0 0 0 0 0 0 0 0 0 0 0 0 0 0 0 0 0 0 0 0 0 0 0 0 0 0 0 0 0 0 0 0 0 0 0 0 0 0 0 0 0 0 0 0 0 0 0 0 0 0 0 0 0 0 0 0 0 0 0 0 0 0 0 0 0 0 0 0 0 0 0 0 0 0 0 0 0 0 0 0 0 0 0 0 0 0 0 0 0 0 0 0 0 0 0 0 0 0 0 0 0 0 0 0 0 0 0 0 0 0 0 0 0 0 0 0 0 0 0 0 0 0 0 0 0 0 0 0 0 0 0 0 0 0 0 0 0 0 0 0 0 0 0 0 0 0 0 0 0 0 0 0 0 0 0 0 0 0 0 0 0 0 0 0 0 0 0 0 0 0 0 0 0 0 0 0 0 0 0 0 0 0 0 0 0 0 0 0 0 0 0 0 0 0 0 0 0 0 0 0 0 0 0 0 0 0 0 0 0 0 0 0 0 0 0 0 0 0 0 0 0 0 0 0 0 0 0 0 0 0 0 0 0 0 0 0 0 0 0 0 0 0 0 0 0 0 0 0 0 0 0 0 0 0 0 0 0 0 0 0 0 0 0 0 0 0 0 0 0 0 0 0 0 0 0 0 0 0 0 0 0 0 0 0 0 0 0 0 0 0 0 0 0 0 0 0 0 0 0 0 0 0 0 0 0 0 0 0 0 0 0 0 0 0 0 0 0 0 0 0 0 0 0 0 0 0 0 0 0 0 0 0 0 0 0 0 0 0 0 0 0 0 0 0 0 0 0 0 0 0 0 0 0 0 0 0 0 0 0 0 0 0 0 0 0 0 0 0 0 0 0 0 0 0 0 0 0 0 0 0 0 0 0 0 0 0 0 0 0 0 0 0 0 0 0 0 0 0 0 0 0 0 0 0 0 0 0 0 0 0 0 0 0 0 0 0 0 0 0 0 0 0 0 0 0 0 0 0 0 0 0 0 0 0 0 0 0 0 0 0 0 0 0 0 0 0 0 0 0 0 0 0 0 0 0 0 0 0 0 0 0 0 0 0 0 0 0 0 0 0 0 0 0 0 0 0 0 0 0 0 0 0 0 0 0 0 0 0 0 0 0 0 0 0 0 0 0 0 0 0 0 0 0 0 0 0 0 0 0 0 0 0 0 0 0 0 0 0 0 0 0 0 0 0 0 0 0 0 0 0 0 0 0 0 0 0 0 0 0 0 0 0 0 0 0 0 0 0 0 0 0 0 0 0 0 0 0 0 0 0 0 0 0 0 0 0 0 0 0 0 0 0 0 0 0 0 0 0 0 0 0 0 0 0 0 0 0 0 0 0 0 0 0 0 0 0 0 0 0 0 0 0 0 0 0 0 0 0 0 0 0 0 0 0 0 0 0 0 0 0 0 0 0 0 0 0 0 0 0 0 0 0 0 0 0 0 0 0 0 0 0 0 0 0 0 0 0 0 0 0 0 0 0 0 0 0 0 0 0 0 0 0 0 0 0 0 0 0 0 0 0 0 0 0 0 0 0 0 0 0 0 0 0 0 0 0 0 0 0 0 0 0 0 0 0 0 0 0 0 0 0 0 0 0 0 0 0 0 0 0 0 0 0 0 0 0 0 0 0 0 0 0 0 0 0 0 0 0 0 0 0 0 0 0 0 0 0 0 0 0 0 0 0 0 0 0 0 0 0 0 0 0 0 0 0 0 0 0 0 0 0 0 0 0 0 0 0 0 0 0 0 0 0 0 0 0 0 0 0 0 0 0 0 0 0 0 0 0 0 0 0 0 0 0 0 0 0 0 0 0 0 0 0 0 0 0 0 0 0 0 0 0 0 0 0 0 0 0 0 0 0 0 0 0 0 0 0 0 0 0 0 0 0 0 0 0 0 0 0 0 0 0 0 0 0 0 0 0 0 0 0 0 0 0 0 0 0 0 0 0 0 0 0 0 0 0 0 0 0 0 0 0 0 0 0 0 0 0 0 0 0 0 0 0 0 0 0 0 0 0 0 0 0 0 0 0 0 0 0 0 0 0 0 0 0 0 0 0 0 0 0 0 0 0 0 0 0 0 0 0 0 0 0 0 0 0 0 0 0 0 0 0 0 0 0 0 0 0 0 0 0 0 0 0 0 0 0 0 0 0 0 0 0 0 0 0 0 0 0 0 0 0 0 0 0 0 0 0 0 0 0 0 0 0 0 0 0 0 0 0 0 0 0 0 0 0 0 0 0 0 0 0 0 0 0 0 0 0 0 0 0 0 0 0 0 0 0 0 0 0 0 0 0 0 0 0 0 0 0 0 0 0 0 0 0 0 0 0 0 0 0 0 0 0 0 0 0 0 0 0 0 0 0 0 0 0 0 0 0 0 0 0 0 0 0 0 0 0 0 0 0 0 0 0 0 0 0 0 0 0 0 0 0 0 0 0 0 0 0 0 0 0 0 0 0 0 0 0 0 0 0 0 0 0 0 0 0 0 0 0 0 0 0 0 0 0 0 0 0 0 0 0 0 0 0 0 0 0 0 0 0 0 0 0 0 0 0 0 0 0 0 0 0 0 0 0 0 0 0 0 0 0 0 0 0 0 0 0 0 0 0 0 0 0 0 0 0 0 0 0 0 0 0 0 0 0 0 0 0 0 0 0 0 0 0 0 0 0 0 0 0 0 0 0 0 0 0 0 0 0 0 0 0 0 0 0 0 0 0 0 0 0 0 0 0 0 0 0 0 0 0 0 0 0 0 0 0 0 0 0 0 0 0 0 0 0 0 0 0 0 0 0 0 0 0 0 0 0 0 0 0 0 0 0 0 0 0 0 0 0 0 0 0 0 0 0 0 0 0 0 0 0 0 0 0 0 0 0 0 0 0 0 0 0 0 0 0 0 0 0 0 0 0 0 0 0 0 0 0 0 0 0 0 0 0 0 0 0 0 0 0 0 0 0 0 0 0 0 0 0 0 0 0 0 0 0 0 0 0 0 0 0 0 0 0 0 0 0 0 0 0 0 0 0 0 0 0 0 0 0 0 0 0 0 0 0 0 0 0 0 0 0 0 0 0 0 0 0 0 0 0 0 0 0 0 0 0 0 0 0 0 0 0 0 0 0 0 0 0 0 0 0 0 0 0 0 0 0 0 0 0 0 0 0 0 0 0 0 0 0 0 0 0 0 0 0 0 0 0 0 0 0 0 0 0 0 0 0 0 0 0 0 0 0 0 0 0 0 0 0 0 0 0 0 0 0 0 0 0 0 0 0 0 0 0 0 0 0 0 0 0 0 0 0 0 0 0 0 0 0 0 0 0 0 0 0 0 0 0 0 0 0 0 0 0 0 0 0 0 0 0 0 0 0 0 0 0 0 0 0 0 0 0 0 0 0 0 0 0 0 0 0 0 0 0 0 0 0 0 0 0 0 0 0 0 0 0 0 0 0 0 0 0 0 0 0 0 0 0 0 0 0 0 0 0 0 0 0 0 0 0 0 0 0 0 0 0 0 0 0 0 0 0 0 0 0 0 0 0 0 0 0 0 0 0 0 0 0 0 0 0 0 0 0 0 0 0 0 0 0 0 0 0 0 0 0 0 0 0 0 0 0 0 0 0 0 0 0 0 0 0 0 0 0 0 0 0 0 0 0 0 0 0 0 0 0 0 0 0 0 0 0 0 0 0 0 0 0 0 0 0 0 0 0 0 0 0 0 0 0 0 0 0 0 0 0 0 0 0 0 0 0 0 0 0 0 0 0 0 0 0 0 0 0 0 0 0 0 0 0 0 0 0 0 0 0 0 0 0 0 0 0 0 0 0 0 0 0 0 0 0 0 0 0 0 0 0 0 0 0 0 0 0 0 0 0 0 0 0 0 0 0 0 0 0 0 0 0 0 0 0 0 0 0 0 0 0 0 0 0 0 0 0 0 0 0 0 0 0 0 0 0 0 0 0 0 0 0 0 0 0 0 0 0 0 0 0 0 0 0 0 0 0 0 0 0 0 0 0 0 0 0 0 0 0 0 0 0 0 0 0 0 0 0 0 0 0 0 0 0 0 0 0 0 0 0 0 0 0 0 0 0 0 0 0 0 0 0 0 0 0 0 0 0 0 0 0 0 0 0 0 0 0 0 0 0 0 0 0 0 0 0 0 0 0 0 0 0 0 0 0 0 0 0 0 0 0 0 0 0 0 0 0 0 0 0 0 0 0 0 0 0 0 0 0 0 0 0 0 0 0 0 0 0 0 0 0 0 0 0 0 0 0 0 0 0 0 0 0 0 0 0 0 0 0 0 0 0 0 0 0 0 0 0 0 0 0 0 0 0 0 0 0 0 0 0 0 0 0 0 0 0 0 0 0 0 0 0 0 0 0 0 0 0 0 0 0 0 0 0 0 0 0 0 0 0 0 0 0 0 0 0 0 0 0 0 0 0 0 0 0 0 0 0 0 0 0 0 0 0 0 0 0 0 0 0 0 0 0 0 0 0 0 0 0 0 0 0 0 0 0 0 0 0 0 0 0 0 0 0 0 0 0 0 0 0 0 0 0 0 0 0 0 0 0 0 0 0 0 0 0 0 0 0 0 0 0 0 0 0 0 0 0 0 0 0 0 0 0 0 0 0 0 0 0 0 0 0 0 0 0 0 0 0 0 0 0 0 0 0 0 0 0 0 0 0 0 0 0 0 0 0 0 0 0 0 0 0 0 0 0 0 0 0 0 0 0 0 0 0 0 0 0 0 0 0 0 0 0 0 0 0 0 0 0 0 0 0 0 0 0 0 0 0 0 0 0 0 0 0 0 0 0 0 0 0 0 0 0 0 0 0 0 0 0 0 0 0 0 0 0 0 0 0 0 0 0 0 0 0 0 0 0 0 0 0 0 0 0 0 0 0 0 0 0 0 0 0 0 0 0 0 0 0 0 0 0 0 0 0 0 0 0 0 0 0 0 0 0 0 0 0 0 0 0 0 0 0 0 0 0 0 0 0 0 0 0 0 0 0 0 0 0 0 0 0 0 0 0 0 0 0 0 0 0 0 0 0 0 0 0 0 0 0 0 0 0 0 0 0 0 0 0 0 0 0 0 0 0 0 0 0 0 0 0 0 0 0 0 0 0 0 0 0 0 0 0 0 0 0 0 0 0 0 0 0 0 0 0 0 0 0 0 0 0 0 0 0 0 0 0 0 0 0 0 0 0 0 0 0 0 0 0 0 0 0 0 0 0 0 0 0 0 0 0 0 0 0 0 0 0 0 0 0 0 0 0 0 0 0 0 0 0 0 0 0 0 0 0 0 0 0 0 0 0 0 0 0 0 0 0 0 0 0 0 0 0 0 0 0 0 0 0 0 0 0 0 0 0 0 0 0 0 0 0 0 0 0 0 0 0 0 0 0 0 0 0 0 0 0 0 0 0 0 0 0 0 0 0 0 0 0 0 0 0 0 0 0 0 0 0 0 0 0 0 0 0 0 0 0 0 0 0 0 0 0 0 0 0 0 0 0 0 0 0 0 0 0 0 0 0 0 0 0 0 0 0 0 0 0 0 0 0 0 0 0 0 0 0 0 0 0 0 0 0 0 0 0 0 0 0 0 0 0 0 0 0 0 0 0 0 0 0 0 0 0 0 0 0 0 0 0 0 0 0 0 0 0 0 0 0 0 0 0 0 0 0 0 0 0 0 0 0 0 0 0 0 0 0 0 0 0 0 0 0 0 0 0 0 0 0 0 0 0 0 0 0 0 0 0 0 0 0 0 0 0 0 0 0 0 0 0 0 0 0 0 0 0 0 0 0 0 0 0 0 0 0 0 0 0 0 0 0 0 0 0 0 0 0 0 0 0 0 0 0 0 0 0 0 0 0 0 0 0 0 0 0 0 0 0 0 0 0 0 0 0 0 0 0 0 0 0 0 0 0 0 0 0 0 0 0 0 0 0 0 0 0 0 0 0 0 0 0 0 0 0 0 0 0 0 0 0 0 0 0 0 0 0 0 0 0 0 0 0 0 0 0 0 0 0 0 0 0 0 0 0 0 0 0 0 0 0 0 0 0 0 0 0 0 0 0 0 0 0 0 0 0 0 0 0 0 0 0 0 0 0 0 0 0 0 0 0 0 0 0 0 0 0 0 0 0 0 0 0 0 0 0 0 0 0 0 0 0 0 0 0 0 0 0 0 0 0 0 0 0 0 0 0 0 0 0 0 0 0 0 0 0 0 0 0 0 0 0 0 0 0 0 0 0 0 0 0 0 0 0 0 0 0 0 0 0 0 0 0 0 0 0 0 0 0 0 0 0 0 0 0 0 0 0 0 0 0 0 0 0 0 0 0 0 0 0 0 0 0 0 0 0 0 0 0 0 0 0 0 0 0 0 0 0 0 0 0 0 0 0 0 0 0 0 0 0 0 0 0 0 0 0 0 0 0 0 0 0 0 0 0 0 0 0 0 0 0 0 0 0 0 0 0 0 0 0 0 0 0 0 0 0 0 0 0 0 0 0 0 0 0 0 0 0 0 0 0 0 0 0 0 0 0 0 0 0 0 0 0 0 0 0 0 0 0 0 0 0 0 0 0 0 0 0 0 0 0 0 0 0 0 0 0 0 0 0 0 0 0 0 0 0 0 0 0 0 0 0 0 0 0 0 0 0 0 0 0 0 0 0 0 0 0 0 0 0 0 0 0 0 0 0 0 0 0 0 0 0 0 0 0 0 0 0 0 0 0 0 0 0 0 0 0 0 0 0 0 0 0 0 0 0 0 0 0 0 0 0 0 0 0 0 0 0 0 0 0 0 0 0 0 0 0 0 0 0 0 0 0 0 0 0 0 0 0 0 0 0 0 0 0 0 0 0 0 0 0 0 0 0 0 0 0 0 0 0 0 0 0 0 0 0 0 0 0 0 0 0 0 0 0 0 0 0 0 0 0 0 0 0 0 0 0 0 0 0 0 0 0 0 0 0 0 0 0 0 0 0 0 0 0 0 0 0 0 0 0 0 0 0 0 0 0 0 0 0 0 0 0 0 0 0 0 0 0 0 0 0 0 0 0 0 0 0 0 0 0 0 0 0 0 0 0 0 0 0 0 0 0 0 0 0 0 0 0 0 0 0 0 0 0 0 0 0 0 0 0 0 0 0 0 0 0 0 0 0 0 0 0 0 0 0 0 0 0 0 0 0 0 0 0 0 0 0 0 0 0 0 0 0 0 0 0 0 0 0 0 0 0 0 0 0 0 0 0 0 0 0 0 0 0 0 0 0 0 0 0 0 0 0 0 0 0 0 0 0 0 0 0 0 0 0 0 0 0 0 0 0 0 0 0 0 0 0 0 0 0 0 0 0 0 0 0 0 0 0 0 0 0 0 0 0 0 0 0 0 0 0 0 0 0 0 0 0 0 0 0 0 0 0 0 0 0 0 0 0 0 0 0 0 0 0 0 0 0 0 0 0 0 0 0 0 0 0 0 0 0 0 0 0 0 0 0 0 0 0 0 0 0 0 0 0 0 0 0 0 0 0 0 0 0 0 0 0 0 0 0 0 0 0 0 0 0 0 0 0 0 0 0 0 0 0 0 0 0 0 0 0 0 0 0 0 0 0 0 0 0 0 0 0 0 0 0 0 0 0 0 0 0 0 0 0 0 0 0 0 0 0 0 0 0 0 0 0 0 0 0 0 0 0 0 0 0 0 0 0 0 0 0 0 0 0 0 0 0 0 0 0 0 0 0 0 0 0 0 0 0 0 0 0 0 0 0 0 0 0 0 0 0 0 0 0 0 0 0 0 0 0 0 0 0 0 0 0 0 0 0 0 0 0 0 0 0 0 0 0 0 0 0 0 0 0 0 0 0 0 0 0 0 0 0 0 0 0 0 0 0 0 0 0 0 0 0 0 0 0 0 0 0 0 0 0 0 0 0 0 0 0 0 0 0 0 0 0 0 0 0 0 0 0 0 0 0 0 0 0 0 0 0 0 0 0 0 0 0 0 0 0 0 0 0 0 0 0 0 0 0 0 0 0 0 0 0 0 0 0 0 0 0 0 0 0 0 0 0 0 0 0 0 0 0 0 0 0 0 0 0 0 0 0 0 0 0 0 0 0 0 0 0 0 0 0 0 0 0 0 0 0 0 0 0 0 0 0 0 0 0 0 0 0 0 0 0 0 0 0 0 0 0 0 0 0 0 0 0 0 0 0 0 0 0 0 0 0 0 0 0 0 0 0 0 0 0 0 0 0 0 0 0 0 0 0 0 0 0 0 0 0 0 0 0 0 0 0 0 0 0 0 0 0 0 0 0 0 0 0 0 0 0 0 0 0 0 0 0 0 0 0 0 0 0 0 0 0 0 0 0 0 0 0 0 0 0 0 0 0 0 0 0 0 0 0 0 0 0 0 0 0 0 0 0 0 0 0 0 0 0 0 0 0 0 0 0 0 0 0 0 0 0 0 0 0 0 0 0 0 0 0 0 0 0 0 0 0 0 0 0 0 0 0 0 0 0 0 0 0 0 0 0 0 0 0 0 0 0 0 0 0 0 0 0 0 0 0 0 0 0 0 0 0 0 0 0 0 0 0 0 0 0 0 0 0 0 0 0 0 0 0 0 0 0 0 0 0 0 0 0 0 0 0 0 0 0 0 0 0 0 0 0 0 0 0 0 0 0 0 0 0 0 0 0 0 0 0 0 0 0 0 0 0 0 0 0 0 0 0 0 0 0 0 0 0 0 0 0 0 0 0 0 0 0 0 0 0 0 0 0 0 0 0 0 0 0 0 0 0 0 0 0 0 0 0 0 0 0 0 0 0 0 0 0 0 0 0 0 0 0 0 0 0 0 0 0 0 0 0 0 0 0 0 0 0 0 0 0 0 0 0 0 0 0 0 0 0 0 0 0 0 0 0 0 0 0 0 0 0 0 0 0 0 0 0 0 0 0 0 0 0 0 0 0 0 0 0 0 0 0 0 0 0 0 0 0 0 0 0 0 0 0 0 0 0 0 0 0 0 0 0 0 0 0 0 0 0 0 0 0 0 0 0 0 0 0 0 0 0 0 0 0 0 0 0 0 0 0 0 0 0 0 0 0 0 0 0 0 0 0 0 0 0 0 0 0 0 0 0 0 0 0 0 0 0 0 0 0 0 0 0 0 0 0 0 0 0 0 0 0 0 0 0 0 0 0 0 0 0 0 0 0 0 0 0 0 0 0 0 0 0 0 0 0 0 0 0 0 0 0 0 0 0 0 0 0 0 0 0 0 0 0 0 0 0 0 0 0 0 0 0 0 0 0 0 0 0 0 0 0 0 0 0 0 0 0 0 0 0 0 0 0 0 0 0 0 0 0 0 0 0 0 0 0 0 0 0 0 0 0 0 0 0 0 0 0 0 0 0 0 0 0 0 0 0 0 0 0 0 0 0 0 0 0 0 0 0 0 0 0 0 0 0 0 0 0 0 0 0 0 0 0 0 0 0 0 0 0 0 0 0 0 0 0 0 0 0 0 0 0 0 0 0 0 0 0 0 0 0 0 0 0 0 0 0 0 0 0 0 0 0 0 0 0 0 0 0 0 0 0 0 0 0 0 0 0 0 0 0 0 0 0 0 0 0 0 0 0 0 0 0 0 0 0 0 0 0 0 0 0 0 0 0 0 0 0 0 0 0 0 0 0 0 0 0 0 0 0 0 0 0 0 0 0 0 0 0 0 0 0 0 0 0 0 0 0 0 0 0 0 0 0 0 0 0 0 0 0 0 0 0 0 0 0 0 0 0 0 0 0 0 0 0 0 0 0 0 0 0 0 0 0 0 0 0 0 0 0 0 0 0 0 0 0 0 0 0 0 0 0 0 0 0 0 0 0 0 0 0 0 0 0 0 0 0 0 0 0 0 0 0 0 0 0 0 0 0 0 0 0 0 0 0 0 0 0 0 0 0 0 0 0 0 0 0 0 0 0 0 0 0 0 0 0 0 0 0 0 0 0 0 0 0 0 0 0 0 0 0 0 0 0 0 0 0 0 0 0 0 0 0 0 0 0 0 0 0 0 0 0 0 0 0 0 0 0 0 0 0 0 0 0 0 0 0 0 0 0 0 0 0 0 0 0 0 0 0 0 0 0 0 0 0 0 0 0 0 0 0 0 0 0 0 0 0 0 0 0 0 0 0 0 0 0 0 0 0 0 0 0 0 0 0 0 0 0 0 0 0 0 0 0 0 0 0 0 0 0 0 0 0 0 0 0 0 0 0 0 0 0 0 0 0 0 0 0 0 0 0 0 0 0 0 0 0 0 0 0 0 0 0 0 0 0 0 0 0 0 0 0 0 0 0 0 0 0 0 0 0 0 0 0 0 0 0 0 0 0 0 0 0 0 0 0 0 0 0 0 0 0 0 0 0 0 0 0 0 0 0 0 0 0 0 0 0 0 0 0 0 0 0 0 0 0 0 0 0 0 0 0 0 0 0 0 0 0 0 0 0 0 0 0 0 0 0 0 0 0 0 0 0 0 0 0 0 0 0 0 0 0 0 0 0 0 0 0 0 0 0 0 0 0 0 0 0 0 0 0 0 0 0 0 0 0 0 0 0 0 0 0 0 0 0 0 0 0 0 0 0 0 0 0 0 0 0 0 0 0 0 0 0 0 0 0 0 0 0 0 0 0 0 0 0 0 0 0 0 0 0 0 0 0 0 0 0 0 0 0 0 0 0 0 0 0 0 0 0 0 0 0 0 0 0 0 0 0 0 0 0 0 0 0 0 0 0 0 0 0 0 0 0 0 0 0 0 0 0 0 0 0 0 0 0 0 0 0 0 0 0 0 0 0 0 0 0 0 0 0 0 0 0 0 0 0 0 0 0 0 0 0 0 0 0 0 0 0 0 0 0 0 0 0 0 0 0 0 0 0 0 0 0 0 0 0 0 0 0 0 0 0 0 0 0 0 0 0 0 0 0 0 0 0 0 0 0 0 0 0 0 0 0 0 0 0 0 0 0 0 0 0 0 0 0 0 0 0 0 0 0 0 0 0 0 0 0 0 0 0 0 0 0 0 0 0 0 0 0 0 0 0 0 0 0 </DataArray>
        <DataArray type="Int64" IdType="1" Name="vtkOriginalCellIds" format="ascii" RangeMin="0" RangeMax="4999">0 1 2 3 4 5 6 7 8 9 10 11 12 13 14 15 16 17 18 19 20 21 22 23 24 25 26 27 28 29 30 31 32 33 34 35 36 37 38 39 40 41 42 43 44 45 46 47 48 49 50 51 52 53 54 55 56 57 58 59 60 61 62 63 64 65 66 67 68 69 70 71 72 73 74 75 76 77 78 79 80 81 82 83 84 85 86 87 88 89 90 91 92 93 94 95 96 97 98 99 100 101 102 103 104 105 106 107 108 109 110 111 112 113 114 115 116 117 118 119 120 121 122 123 124 125 126 127 128 129 130 131 132 133 134 135 136 137 138 139 140 141 142 143 144 145 146 147 148 149 150 151 152 153 154 155 156 157 158 159 160 161 162 163 164 165 166 167 168 169 170 171 172 173 174 175 176 177 178 179 180 181 182 183 184 185 186 187 188 189 190 191 192 193 194 195 196 197 198 199 200 201 202 203 204 205 206 207 208 209 210 211 212 213 214 215 216 217 218 219 220 221 222 223 224 225 226 227 228 229 230 231 232 233 234 235 236 237 238 239 240 241 242 243 244 245 246 247 248 249 250 251 252 253 254 255 256 257 258 259 260 261 262 263 264 265 266 267 268 269 270 271 272 273 274 275 276 277 278 279 280 281 282 283 284 285 286 287 288 289 290 291 292 293 294 295 296 297 298 299 300 301 302 303 304 305 306 307 308 309 310 311 312 313 314 315 316 317 318 319 320 321 322 323 324 325 326 327 328 329 330 331 332 333 334 335 336 337 338 339 340 341 342 343 344 345 346 347 348 349 350 351 352 353 354 355 356 357 358 359 360 361 362 363 364 365 366 367 368 369 370 371 372 373 374 375 376 377 378 379 380 381 382 383 384 385 386 387 388 389 390 391 392 393 394 395 396 397 398 399 400 401 402 403 404 405 406 407 408 409 410 411 412 413 414 415 416 417 418 419 420 421 422 423 424 425 426 427 428 429 430 431 432 433 434 435 436 437 438 439 440 441 442 443 444 445 446 447 448 449 450 451 452 453 454 455 456 457 458 459 460 461 462 463 464 465 466 467 468 469 470 471 472 473 474 475 476 477 478 479 480 481 482 483 484 485 486 487 488 489 490 491 492 493 494 495 496 497 498 499 500 501 502 503 504 505 506 507 508 509 510 511 512 513 514 515 516 517 518 519 520 521 522 523 524 525 526 527 528 529 530 531 532 533 534 535 536 537 538 539 540 541 542 543 544 545 546 547 548 549 550 551 552 553 554 555 556 557 558 559 560 561 562 563 564 565 566 567 568 569 570 571 572 573 574 575 576 577 578 579 580 581 582 583 584 585 586 587 588 589 590 591 592 593 594 595 596 597 598 599 600 601 602 603 604 605 606 607 608 609 610 611 612 613 614 615 616 617 618 619 620 621 622 623 624 625 626 627 628 629 630 631 632 633 634 635 636 637 638 639 640 641 642 643 644 645 646 647 648 649 650 651 652 653 654 655 656 657 658 659 660 661 662 663 664 665 666 667 668 669 670 671 672 673 674 675 676 677 678 679 680 681 682 683 684 685 686 687 688 689 690 691 692 693 694 695 696 697 698 699 700 701 702 703 704 705 706 707 708 709 710 711 712 713 714 715 716 717 718 719 720 721 722 723 724 725 726 727 728 729 730 731 732 733 734 735 736 737 738 739 740 741 742 743 744 745 746 747 748 749 750 751 752 753 754 755 756 757 758 759 760 761 762 763 764 765 766 767 768 769 770 771 772 773 774 775 776 777 778 779 780 781 782 783 784 785 786 787 788 789 790 791 792 793 794 795 796 797 798 799 800 801 802 803 804 805 806 807 808 809 810 811 812 813 814 815 816 817 818 819 820 821 822 823 824 825 826 827 828 829 830 831 832 833 834 835 836 837 838 839 840 841 842 843 844 845 846 847 848 849 850 851 852 853 854 855 856 857 858 859 860 861 862 863 864 865 866 867 868 869 870 871 872 873 874 875 876 877 878 879 880 881 882 883 884 885 886 887 888 889 890 891 892 893 894 895 896 897 898 899 900 901 902 903 904 905 906 907 908 909 910 911 912 913 914 915 916 917 918 919 920 921 922 923 924 925 926 927 928 929 930 931 932 933 934 935 936 937 938 939 940 941 942 943 944 945 946 947 948 949 950 951 952 953 954 955 956 957 958 959 960 961 962 963 964 965 966 967 968 969 970 971 972 973 974 975 976 977 978 979 980 981 982 983 984 985 986 987 988 989 990 991 992 993 994 995 996 997 998 999 1000 1001 1002 1003 1004 1005 1006 1007 1008 1009 1010 1011 1012 1013 1014 1015 1016 1017 1018 1019 1020 1021 1022 1023 1024 1025 1026 1027 1028 1029 1030 1031 1032 1033 1034 1035 1036 1037 1038 1039 1040 1041 1042 1043 1044 1045 1046 1047 1048 1049 1050 1051 1052 1053 1054 1055 1056 1057 1058 1059 1060 1061 1062 1063 1064 1065 1066 1067 1068 1069 1070 1071 1072 1073 1074 1075 1076 1077 1078 1079 1080 1081 1082 1083 1084 1085 1086 1087 1088 1089 1090 1091 1092 1093 1094 1095 1096 1097 1098 1099 1100 1101 1102 1103 1104 1105 1106 1107 1108 1109 1110 1111 1112 1113 1114 1115 1116 1117 1118 1119 1120 1121 1122 1123 1124 1125 1126 1127 1128 1129 1130 1131 1132 1133 1134 1135 1136 1137 1138 1139 1140 1141 1142 1143 1144 1145 1146 1147 1148 1149 1150 1151 1152 1153 1154 1155 1156 1157 1158 1159 1160 1161 1162 1163 1164 1165 1166 1167 1168 1169 1170 1171 1172 1173 1174 1175 1176 1177 1178 1179 1180 1181 1182 1183 1184 1185 1186 1187 1188 1189 1190 1191 1192 1193 1194 1195 1196 1197 1198 1199 1200 1201 1202 1203 1204 1205 1206 1207 1208 1209 1210 1211 1212 1213 1214 1215 1216 1217 1218 1219 1220 1221 1222 1223 1224 1225 1226 1227 1228 1229 1230 1231 1232 1233 1234 1235 1236 1237 1238 1239 1240 1241 1242 1243 1244 1245 1246 1247 1248 1249 1250 1251 1252 1253 1254 1255 1256 1257 1258 1259 1260 1261 1262 1263 1264 1265 1266 1267 1268 1269 1270 1271 1272 1273 1274 1275 1276 1277 1278 1279 1280 1281 1282 1283 1284 1285 1286 1287 1288 1289 1290 1291 1292 1293 1294 1295 1296 1297 1298 1299 1300 1301 1302 1303 1304 1305 1306 1307 1308 1309 1310 1311 1312 1313 1314 1315 1316 1317 1318 1319 1320 1321 1322 1323 1324 1325 1326 1327 1328 1329 1330 1331 1332 1333 1334 1335 1336 1337 1338 1339 1340 1341 1342 1343 1344 1345 1346 1347 1348 1349 1350 1351 1352 1353 1354 1355 1356 1357 1358 1359 1360 1361 1362 1363 1364 1365 1366 1367 1368 1369 1370 1371 1372 1373 1374 1375 1376 1377 1378 1379 1380 1381 1382 1383 1384 1385 1386 1387 1388 1389 1390 1391 1392 1393 1394 1395 1396 1397 1398 1399 1400 1401 1402 1403 1404 1405 1406 1407 1408 1409 1410 1411 1412 1413 1414 1415 1416 1417 1418 1419 1420 1421 1422 1423 1424 1425 1426 1427 1428 1429 1430 1431 1432 1433 1434 1435 1436 1437 1438 1439 1440 1441 1442 1443 1444 1445 1446 1447 1448 1449 1450 1451 1452 1453 1454 1455 1456 1457 1458 1459 1460 1461 1462 1463 1464 1465 1466 1467 1468 1469 1470 1471 1472 1473 1474 1475 1476 1477 1478 1479 1480 1481 1482 1483 1484 1485 1486 1487 1488 1489 1490 1491 1492 1493 1494 1495 1496 1497 1498 1499 1500 1501 1502 1503 1504 1505 1506 1507 1508 1509 1510 1511 1512 1513 1514 1515 1516 1517 1518 1519 1520 1521 1522 1523 1524 1525 1526 1527 1528 1529 1530 1531 1532 1533 1534 1535 1536 1537 1538 1539 1540 1541 1542 1543 1544 1545 1546 1547 1548 1549 1550 1551 1552 1553 1554 1555 1556 1557 1558 1559 1560 1561 1562 1563 1564 1565 1566 1567 1568 1569 1570 1571 1572 1573 1574 1575 1576 1577 1578 1579 1580 1581 1582 1583 1584 1585 1586 1587 1588 1589 1590 1591 1592 1593 1594 1595 1596 1597 1598 1599 1600 1601 1602 1603 1604 1605 1606 1607 1608 1609 1610 1611 1612 1613 1614 1615 1616 1617 1618 1619 1620 1621 1622 1623 1624 1625 1626 1627 1628 1629 1630 1631 1632 1633 1634 1635 1636 1637 1638 1639 1640 1641 1642 1643 1644 1645 1646 1647 1648 1649 1650 1651 1652 1653 1654 1655 1656 1657 1658 1659 1660 1661 1662 1663 1664 1665 1666 1667 1668 1669 1670 1671 1672 1673 1674 1675 1676 1677 1678 1679 1680 1681 1682 1683 1684 1685 1686 1687 1688 1689 1690 1691 1692 1693 1694 1695 1696 1697 1698 1699 1700 1701 1702 1703 1704 1705 1706 1707 1708 1709 1710 1711 1712 1713 1714 1715 1716 1717 1718 1719 1720 1721 1722 1723 1724 1725 1726 1727 1728 1729 1730 1731 1732 1733 1734 1735 1736 1737 1738 1739 1740 1741 1742 1743 1744 1745 1746 1747 1748 1749 1750 1751 1752 1753 1754 1755 1756 1757 1758 1759 1760 1761 1762 1763 1764 1765 1766 1767 1768 1769 1770 1771 1772 1773 1774 1775 1776 1777 1778 1779 1780 1781 1782 1783 1784 1785 1786 1787 1788 1789 1790 1791 1792 1793 1794 1795 1796 1797 1798 1799 1800 1801 1802 1803 1804 1805 1806 1807 1808 1809 1810 1811 1812 1813 1814 1815 1816 1817 1818 1819 1820 1821 1822 1823 1824 1825 1826 1827 1828 1829 1830 1831 1832 1833 1834 1835 1836 1837 1838 1839 1840 1841 1842 1843 1844 1845 1846 1847 1848 1849 1850 1851 1852 1853 1854 1855 1856 1857 1858 1859 1860 1861 1862 1863 1864 1865 1866 1867 1868 1869 1870 1871 1872 1873 1874 1875 1876 1877 1878 1879 1880 1881 1882 1883 1884 1885 1886 1887 1888 1889 1890 1891 1892 1893 1894 1895 1896 1897 1898 1899 1900 1901 1902 1903 1904 1905 1906 1907 1908 1909 1910 1911 1912 1913 1914 1915 1916 1917 1918 1919 1920 1921 1922 1923 1924 1925 1926 1927 1928 1929 1930 1931 1932 1933 1934 1935 1936 1937 1938 1939 1940 1941 1942 1943 1944 1945 1946 1947 1948 1949 1950 1951 1952 1953 1954 1955 1956 1957 1958 1959 1960 1961 1962 1963 1964 1965 1966 1967 1968 1969 1970 1971 1972 1973 1974 1975 1976 1977 1978 1979 1980 1981 1982 1983 1984 1985 1986 1987 1988 1989 1990 1991 1992 1993 1994 1995 1996 1997 1998 1999 2000 2001 2002 2003 2004 2005 2006 2007 2008 2009 2010 2011 2012 2013 2014 2015 2016 2017 2018 2019 2020 2021 2022 2023 2024 2025 2026 2027 2028 2029 2030 2031 2032 2033 2034 2035 2036 2037 2038 2039 2040 2041 2042 2043 2044 2045 2046 2047 2048 2049 2050 2051 2052 2053 2054 2055 2056 2057 2058 2059 2060 2061 2062 2063 2064 2065 2066 2067 2068 2069 2070 2071 2072 2073 2074 2075 2076 2077 2078 2079 2080 2081 2082 2083 2084 2085 2086 2087 2088 2089 2090 2091 2092 2093 2094 2095 2096 2097 2098 2099 2100 2101 2102 2103 2104 2105 2106 2107 2108 2109 2110 2111 2112 2113 2114 2115 2116 2117 2118 2119 2120 2121 2122 2123 2124 2125 2126 2127 2128 2129 2130 2131 2132 2133 2134 2135 2136 2137 2138 2139 2140 2141 2142 2143 2144 2145 2146 2147 2148 2149 2150 2151 2152 2153 2154 2155 2156 2157 2158 2159 2160 2161 2162 2163 2164 2165 2166 2167 2168 2169 2170 2171 2172 2173 2174 2175 2176 2177 2178 2179 2180 2181 2182 2183 2184 2185 2186 2187 2188 2189 2190 2191 2192 2193 2194 2195 2196 2197 2198 2199 2200 2201 2202 2203 2204 2205 2206 2207 2208 2209 2210 2211 2212 2213 2214 2215 2216 2217 2218 2219 2220 2221 2222 2223 2224 2225 2226 2227 2228 2229 2230 2231 2232 2233 2234 2235 2236 2237 2238 2239 2240 2241 2242 2243 2244 2245 2246 2247 2248 2249 2250 2251 2252 2253 2254 2255 2256 2257 2258 2259 2260 2261 2262 2263 2264 2265 2266 2267 2268 2269 2270 2271 2272 2273 2274 2275 2276 2277 2278 2279 2280 2281 2282 2283 2284 2285 2286 2287 2288 2289 2290 2291 2292 2293 2294 2295 2296 2297 2298 2299 2300 2301 2302 2303 2304 2305 2306 2307 2308 2309 2310 2311 2312 2313 2314 2315 2316 2317 2318 2319 2320 2321 2322 2323 2324 2325 2326 2327 2328 2329 2330 2331 2332 2333 2334 2335 2336 2337 2338 2339 2340 2341 2342 2343 2344 2345 2346 2347 2348 2349 2350 2351 2352 2353 2354 2355 2356 2357 2358 2359 2360 2361 2362 2363 2364 2365 2366 2367 2368 2369 2370 2371 2372 2373 2374 2375 2376 2377 2378 2379 2380 2381 2382 2383 2384 2385 2386 2387 2388 2389 2390 2391 2392 2393 2394 2395 2396 2397 2398 2399 2400 2401 2402 2403 2404 2405 2406 2407 2408 2409 2410 2411 2412 2413 2414 2415 2416 2417 2418 2419 2420 2421 2422 2423 2424 2425 2426 2427 2428 2429 2430 2431 2432 2433 2434 2435 2436 2437 2438 2439 2440 2441 2442 2443 2444 2445 2446 2447 2448 2449 2450 2451 2452 2453 2454 2455 2456 2457 2458 2459 2460 2461 2462 2463 2464 2465 2466 2467 2468 2469 2470 2471 2472 2473 2474 2475 2476 2477 2478 2479 2480 2481 2482 2483 2484 2485 2486 2487 2488 2489 2490 2491 2492 2493 2494 2495 2496 2497 2498 2499 2500 2501 2502 2503 2504 2505 2506 2507 2508 2509 2510 2511 2512 2513 2514 2515 2516 2517 2518 2519 2520 2521 2522 2523 2524 2525 2526 2527 2528 2529 2530 2531 2532 2533 2534 2535 2536 2537 2538 2539 2540 2541 2542 2543 2544 2545 2546 2547 2548 2549 2550 2551 2552 2553 2554 2555 2556 2557 2558 2559 2560 2561 2562 2563 2564 2565 2566 2567 2568 2569 2570 2571 2572 2573 2574 2575 2576 2577 2578 2579 2580 2581 2582 2583 2584 2585 2586 2587 2588 2589 2590 2591 2592 2593 2594 2595 2596 2597 2598 2599 2600 2601 2602 2603 2604 2605 2606 2607 2608 2609 2610 2611 2612 2613 2614 2615 2616 2617 2618 2619 2620 2621 2622 2623 2624 2625 2626 2627 2628 2629 2630 2631 2632 2633 2634 2635 2636 2637 2638 2639 2640 2641 2642 2643 2644 2645 2646 2647 2648 2649 2650 2651 2652 2653 2654 2655 2656 2657 2658 2659 2660 2661 2662 2663 2664 2665 2666 2667 2668 2669 2670 2671 2672 2673 2674 2675 2676 2677 2678 2679 2680 2681 2682 2683 2684 2685 2686 2687 2688 2689 2690 2691 2692 2693 2694 2695 2696 2697 2698 2699 2700 2701 2702 2703 2704 2705 2706 2707 2708 2709 2710 2711 2712 2713 2714 2715 2716 2717 2718 2719 2720 2721 2722 2723 2724 2725 2726 2727 2728 2729 2730 2731 2732 2733 2734 2735 2736 2737 2738 2739 2740 2741 2742 2743 2744 2745 2746 2747 2748 2749 2750 2751 2752 2753 2754 2755 2756 2757 2758 2759 2760 2761 2762 2763 2764 2765 2766 2767 2768 2769 2770 2771 2772 2773 2774 2775 2776 2777 2778 2779 2780 2781 2782 2783 2784 2785 2786 2787 2788 2789 2790 2791 2792 2793 2794 2795 2796 2797 2798 2799 2800 2801 2802 2803 2804 2805 2806 2807 2808 2809 2810 2811 2812 2813 2814 2815 2816 2817 2818 2819 2820 2821 2822 2823 2824 2825 2826 2827 2828 2829 2830 2831 2832 2833 2834 2835 2836 2837 2838 2839 2840 2841 2842 2843 2844 2845 2846 2847 2848 2849 2850 2851 2852 2853 2854 2855 2856 2857 2858 2859 2860 2861 2862 2863 2864 2865 2866 2867 2868 2869 2870 2871 2872 2873 2874 2875 2876 2877 2878 2879 2880 2881 2882 2883 2884 2885 2886 2887 2888 2889 2890 2891 2892 2893 2894 2895 2896 2897 2898 2899 2900 2901 2902 2903 2904 2905 2906 2907 2908 2909 2910 2911 2912 2913 2914 2915 2916 2917 2918 2919 2920 2921 2922 2923 2924 2925 2926 2927 2928 2929 2930 2931 2932 2933 2934 2935 2936 2937 2938 2939 2940 2941 2942 2943 2944 2945 2946 2947 2948 2949 2950 2951 2952 2953 2954 2955 2956 2957 2958 2959 2960 2961 2962 2963 2964 2965 2966 2967 2968 2969 2970 2971 2972 2973 2974 2975 2976 2977 2978 2979 2980 2981 2982 2983 2984 2985 2986 2987 2988 2989 2990 2991 2992 2993 2994 2995 2996 2997 2998 2999 3000 3001 3002 3003 3004 3005 3006 3007 3008 3009 3010 3011 3012 3013 3014 3015 3016 3017 3018 3019 3020 3021 3022 3023 3024 3025 3026 3027 3028 3029 3030 3031 3032 3033 3034 3035 3036 3037 3038 3039 3040 3041 3042 3043 3044 3045 3046 3047 3048 3049 3050 3051 3052 3053 3054 3055 3056 3057 3058 3059 3060 3061 3062 3063 3064 3065 3066 3067 3068 3069 3070 3071 3072 3073 3074 3075 3076 3077 3078 3079 3080 3081 3082 3083 3084 3085 3086 3087 3088 3089 3090 3091 3092 3093 3094 3095 3096 3097 3098 3099 3100 3101 3102 3103 3104 3105 3106 3107 3108 3109 3110 3111 3112 3113 3114 3115 3116 3117 3118 3119 3120 3121 3122 3123 3124 3125 3126 3127 3128 3129 3130 3131 3132 3133 3134 3135 3136 3137 3138 3139 3140 3141 3142 3143 3144 3145 3146 3147 3148 3149 3150 3151 3152 3153 3154 3155 3156 3157 3158 3159 3160 3161 3162 3163 3164 3165 3166 3167 3168 3169 3170 3171 3172 3173 3174 3175 3176 3177 3178 3179 3180 3181 3182 3183 3184 3185 3186 3187 3188 3189 3190 3191 3192 3193 3194 3195 3196 3197 3198 3199 3200 3201 3202 3203 3204 3205 3206 3207 3208 3209 3210 3211 3212 3213 3214 3215 3216 3217 3218 3219 3220 3221 3222 3223 3224 3225 3226 3227 3228 3229 3230 3231 3232 3233 3234 3235 3236 3237 3238 3239 3240 3241 3242 3243 3244 3245 3246 3247 3248 3249 3250 3251 3252 3253 3254 3255 3256 3257 3258 3259 3260 3261 3262 3263 3264 3265 3266 3267 3268 3269 3270 3271 3272 3273 3274 3275 3276 3277 3278 3279 3280 3281 3282 3283 3284 3285 3286 3287 3288 3289 3290 3291 3292 3293 3294 3295 3296 3297 3298 3299 3300 3301 3302 3303 3304 3305 3306 3307 3308 3309 3310 3311 3312 3313 3314 3315 3316 3317 3318 3319 3320 3321 3322 3323 3324 3325 3326 3327 3328 3329 3330 3331 3332 3333 3334 3335 3336 3337 3338 3339 3340 3341 3342 3343 3344 3345 3346 3347 3348 3349 3350 3351 3352 3353 3354 3355 3356 3357 3358 3359 3360 3361 3362 3363 3364 3365 3366 3367 3368 3369 3370 3371 3372 3373 3374 3375 3376 3377 3378 3379 3380 3381 3382 3383 3384 3385 3386 3387 3388 3389 3390 3391 3392 3393 3394 3395 3396 3397 3398 3399 3400 3401 3402 3403 3404 3405 3406 3407 3408 3409 3410 3411 3412 3413 3414 3415 3416 3417 3418 3419 3420 3421 3422 3423 3424 3425 3426 3427 3428 3429 3430 3431 3432 3433 3434 3435 3436 3437 3438 3439 3440 3441 3442 3443 3444 3445 3446 3447 3448 3449 3450 3451 3452 3453 3454 3455 3456 3457 3458 3459 3460 3461 3462 3463 3464 3465 3466 3467 3468 3469 3470 3471 3472 3473 3474 3475 3476 3477 3478 3479 3480 3481 3482 3483 3484 3485 3486 3487 3488 3489 3490 3491 3492 3493 3494 3495 3496 3497 3498 3499 3500 3501 3502 3503 3504 3505 3506 3507 3508 3509 3510 3511 3512 3513 3514 3515 3516 3517 3518 3519 3520 3521 3522 3523 3524 3525 3526 3527 3528 3529 3530 3531 3532 3533 3534 3535 3536 3537 3538 3539 3540 3541 3542 3543 3544 3545 3546 3547 3548 3549 3550 3551 3552 3553 3554 3555 3556 3557 3558 3559 3560 3561 3562 3563 3564 3565 3566 3567 3568 3569 3570 3571 3572 3573 3574 3575 3576 3577 3578 3579 3580 3581 3582 3583 3584 3585 3586 3587 3588 3589 3590 3591 3592 3593 3594 3595 3596 3597 3598 3599 3600 3601 3602 3603 3604 3605 3606 3607 3608 3609 3610 3611 3612 3613 3614 3615 3616 3617 3618 3619 3620 3621 3622 3623 3624 3625 3626 3627 3628 3629 3630 3631 3632 3633 3634 3635 3636 3637 3638 3639 3640 3641 3642 3643 3644 3645 3646 3647 3648 3649 3650 3651 3652 3653 3654 3655 3656 3657 3658 3659 3660 3661 3662 3663 3664 3665 3666 3667 3668 3669 3670 3671 3672 3673 3674 3675 3676 3677 3678 3679 3680 3681 3682 3683 3684 3685 3686 3687 3688 3689 3690 3691 3692 3693 3694 3695 3696 3697 3698 3699 3700 3701 3702 3703 3704 3705 3706 3707 3708 3709 3710 3711 3712 3713 3714 3715 3716 3717 3718 3719 3720 3721 3722 3723 3724 3725 3726 3727 3728 3729 3730 3731 3732 3733 3734 3735 3736 3737 3738 3739 3740 3741 3742 3743 3744 3745 3746 3747 3748 3749 3750 3751 3752 3753 3754 3755 3756 3757 3758 3759 3760 3761 3762 3763 3764 3765 3766 3767 3768 3769 3770 3771 3772 3773 3774 3775 3776 3777 3778 3779 3780 3781 3782 3783 3784 3785 3786 3787 3788 3789 3790 3791 3792 3793 3794 3795 3796 3797 3798 3799 3800 3801 3802 3803 3804 3805 3806 3807 3808 3809 3810 3811 3812 3813 3814 3815 3816 3817 3818 3819 3820 3821 3822 3823 3824 3825 3826 3827 3828 3829 3830 3831 3832 3833 3834 3835 3836 3837 3838 3839 3840 3841 3842 3843 3844 3845 3846 3847 3848 3849 3850 3851 3852 3853 3854 3855 3856 3857 3858 3859 3860 3861 3862 3863 3864 3865 3866 3867 3868 3869 3870 3871 3872 3873 3874 3875 3876 3877 3878 3879 3880 3881 3882 3883 3884 3885 3886 3887 3888 3889 3890 3891 3892 3893 3894 3895 3896 3897 3898 3899 3900 3901 3902 3903 3904 3905 3906 3907 3908 3909 3910 3911 3912 3913 3914 3915 3916 3917 3918 3919 3920 3921 3922 3923 3924 3925 3926 3927 3928 3929 3930 3931 3932 3933 3934 3935 3936 3937 3938 3939 3940 3941 3942 3943 3944 3945 3946 3947 3948 3949 3950 3951 3952 3953 3954 3955 3956 3957 3958 3959 3960 3961 3962 3963 3964 3965 3966 3967 3968 3969 3970 3971 3972 3973 3974 3975 3976 3977 3978 3979 3980 3981 3982 3983 3984 3985 3986 3987 3988 3989 3990 3991 3992 3993 3994 3995 3996 3997 3998 3999 4000 4001 4002 4003 4004 4005 4006 4007 4008 4009 4010 4011 4012 4013 4014 4015 4016 4017 4018 4019 4020 4021 4022 4023 4024 4025 4026 4027 4028 4029 4030 4031 4032 4033 4034 4035 4036 4037 4038 4039 4040 4041 4042 4043 4044 4045 4046 4047 4048 4049 4050 4051 4052 4053 4054 4055 4056 4057 4058 4059 4060 4061 4062 4063 4064 4065 4066 4067 4068 4069 4070 4071 4072 4073 4074 4075 4076 4077 4078 4079 4080 4081 4082 4083 4084 4085 4086 4087 4088 4089 4090 4091 4092 4093 4094 4095 4096 4097 4098 4099 4100 4101 4102 4103 4104 4105 4106 4107 4108 4109 4110 4111 4112 4113 4114 4115 4116 4117 4118 4119 4120 4121 4122 4123 4124 4125 4126 4127 4128 4129 4130 4131 4132 4133 4134 4135 4136 4137 4138 4139 4140 4141 4142 4143 4144 4145 4146 4147 4148 4149 4150 4151 4152 4153 4154 4155 4156 4157 4158 4159 4160 4161 4162 4163 4164 4165 4166 4167 4168 4169 4170 4171 4172 4173 4174 4175 4176 4177 4178 4179 4180 4181 4182 4183 4184 4185 4186 4187 4188 4189 4190 4191 4192 4193 4194 4195 4196 4197 4198 4199 4200 4201 4202 4203 4204 4205 4206 4207 4208 4209 4210 4211 4212 4213 4214 4215 4216 4217 4218 4219 4220 4221 4222 4223 4224 4225 4226 4227 4228 4229 4230 4231 4232 4233 4234 4235 4236 4237 4238 4239 4240 4241 4242 4243 4244 4245 4246 4247 4248 4249 4250 4251 4252 4253 4254 4255 4256 4257 4258 4259 4260 4261 4262 4263 4264 4265 4266 4267 4268 4269 4270 4271 4272 4273 4274 4275 4276 4277 4278 4279 4280 4281 4282 4283 4284 4285 4286 4287 4288 4289 4290 4291 4292 4293 4294 4295 4296 4297 4298 4299 4300 4301 4302 4303 4304 4305 4306 4307 4308 4309 4310 4311 4312 4313 4314 4315 4316 4317 4318 4319 4320 4321 4322 4323 4324 4325 4326 4327 4328 4329 4330 4331 4332 4333 4334 4335 4336 4337 4338 4339 4340 4341 4342 4343 4344 4345 4346 4347 4348 4349 4350 4351 4352 4353 4354 4355 4356 4357 4358 4359 4360 4361 4362 4363 4364 4365 4366 4367 4368 4369 4370 4371 4372 4373 4374 4375 4376 4377 4378 4379 4380 4381 4382 4383 4384 4385 4386 4387 4388 4389 4390 4391 4392 4393 4394 4395 4396 4397 4398 4399 4400 4401 4402 4403 4404 4405 4406 4407 4408 4409 4410 4411 4412 4413 4414 4415 4416 4417 4418 4419 4420 4421 4422 4423 4424 4425 4426 4427 4428 4429 4430 4431 4432 4433 4434 4435 4436 4437 4438 4439 4440 4441 4442 4443 4444 4445 4446 4447 4448 4449 4450 4451 4452 4453 4454 4455 4456 4457 4458 4459 4460 4461 4462 4463 4464 4465 4466 4467 4468 4469 4470 4471 4472 4473 4474 4475 4476 4477 4478 4479 4480 4481 4482 4483 4484 4485 4486 4487 4488 4489 4490 4491 4492 4493 4494 4495 4496 4497 4498 4499 4500 4501 4502 4503 4504 4505 4506 4507 4508 4509 4510 4511 4512 4513 4514 4515 4516 4517 4518 4519 4520 4521 4522 4523 4524 4525 4526 4527 4528 4529 4530 4531 4532 4533 4534 4535 4536 4537 4538 4539 4540 4541 4542 4543 4544 4545 4546 4547 4548 4549 4550 4551 4552 4553 4554 4555 4556 4557 4558 4559 4560 4561 4562 4563 4564 4565 4566 4567 4568 4569 4570 4571 4572 4573 4574 4575 4576 4577 4578 4579 4580 4581 4582 4583 4584 4585 4586 4587 4588 4589 4590 4591 4592 4593 4594 4595 4596 4597 4598 4599 4600 4601 4602 4603 4604 4605 4606 4607 4608 4609 4610 4611 4612 4613 4614 4615 4616 4617 4618 4619 4620 4621 4622 4623 4624 4625 4626 4627 4628 4629 4630 4631 4632 4633 4634 4635 4636 4637 4638 4639 4640 4641 4642 4643 4644 4645 4646 4647 4648 4649 4650 4651 4652 4653 4654 4655 4656 4657 4658 4659 4660 4661 4662 4663 4664 4665 4666 4667 4668 4669 4670 4671 4672 4673 4674 4675 4676 4677 4678 4679 4680 4681 4682 4683 4684 4685 4686 4687 4688 4689 4690 4691 4692 4693 4694 4695 4696 4697 4698 4699 4700 4701 4702 4703 4704 4705 4706 4707 4708 4709 4710 4711 4712 4713 4714 4715 4716 4717 4718 4719 4720 4721 4722 4723 4724 4725 4726 4727 4728 4729 4730 4731 4732 4733 4734 4735 4736 4737 4738 4739 4740 4741 4742 4743 4744 4745 4746 4747 4748 4749 4750 4751 4752 4753 4754 4755 4756 4757 4758 4759 4760 4761 4762 4763 4764 4765 4766 4767 4768 4769 4770 4771 4772 4773 4774 4775 4776 4777 4778 4779 4780 4781 4782 4783 4784 4785 4786 4787 4788 4789 4790 4791 4792 4793 4794 4795 4796 4797 4798 4799 4800 4801 4802 4803 4804 4805 4806 4807 4808 4809 4810 4811 4812 4813 4814 4815 4816 4817 4818 4819 4820 4821 4822 4823 4824 4825 4826 4827 4828 4829 4830 4831 4832 4833 4834 4835 4836 4837 4838 4839 4840 4841 4842 4843 4844 4845 4846 4847 4848 4849 4850 4851 4852 4853 4854 4855 4856 4857 4858 4859 4860 4861 4862 4863 4864 4865 4866 4867 4868 4869 4870 4871 4872 4873 4874 4875 4876 4877 4878 4879 4880 4881 4882 4883 4884 4885 4886 4887 4888 4889 4890 4891 4892 4893 4894 4895 4896 4897 4898 4899 4900 4901 4902 4903 4904 4905 4906 4907 4908 4909 4910 4911 4912 4913 4914 4915 4916 4917 4918 4919 4920 4921 4922 4923 4924 4925 4926 4927 4928 4929 4930 4931 4932 4933 4934 4935 4936 4937 4938 4939 4940 4941 4942 4943 4944 4945 4946 4947 4948 4949 4950 4951 4952 4953 4954 4955 4956 4957 4958 4959 4960 4961 4962 4963 4964 4965 4966 4967 4968 4969 4970 4971 4972 4973 4974 4975 4976 4977 4978 4979 4980 4981 4982 4983 4984 4985 4986 4987 4988 4989 4990 4991 4992 4993 4994 4995 4996 4997 4998 4999 </DataArray>
      </CellData>
      <PointData Scalars="c">
        <DataArray type="Int64" IdType="1" Name="vtkOriginalPointIds" format="ascii" RangeMin="0" RangeMax="2600">0 1 2 3 4 5 6 7 8 9 10 11 12 13 14 15 16 17 18 19 20 21 22 23 24 25 26 27 28 29 30 31 32 33 34 35 36 37 38 39 40 41 42 43 44 45 46 47 48 49 50 51 52 53 54 55 56 57 58 59 60 61 62 63 64 65 66 67 68 69 70 71 72 73 74 75 76 77 78 79 80 81 82 83 84 85 86 87 88 89 90 91 92 93 94 95 96 97 98 99 100 101 102 103 104 105 106 107 108 109 110 111 112 113 114 115 116 117 118 119 120 121 122 123 124 125 126 127 128 129 130 131 132 133 134 135 136 137 138 139 140 141 142 143 144 145 146 147 148 149 150 151 152 153 154 155 156 157 158 159 160 161 162 163 164 165 166 167 168 169 170 171 172 173 174 175 176 177 178 179 180 181 182 183 184 185 186 187 188 189 190 191 192 193 194 195 196 197 198 199 200 201 202 203 204 205 206 207 208 209 210 211 212 213 214 215 216 217 218 219 220 221 222 223 224 225 226 227 228 229 230 231 232 233 234 235 236 237 238 239 240 241 242 243 244 245 246 247 248 249 250 251 252 253 254 255 256 257 258 259 260 261 262 263 264 265 266 267 268 269 270 271 272 273 274 275 276 277 278 279 280 281 282 283 284 285 286 287 288 289 290 291 292 293 294 295 296 297 298 299 300 301 302 303 304 305 306 307 308 309 310 311 312 313 314 315 316 317 318 319 320 321 322 323 324 325 326 327 328 329 330 331 332 333 334 335 336 337 338 339 340 341 342 343 344 345 346 347 348 349 350 351 352 353 354 355 356 357 358 359 360 361 362 363 364 365 366 367 368 369 370 371 372 373 374 375 376 377 378 379 380 381 382 383 384 385 386 387 388 389 390 391 392 393 394 395 396 397 398 399 400 401 402 403 404 405 406 407 408 409 410 411 412 413 414 415 416 417 418 419 420 421 422 423 424 425 426 427 428 429 430 431 432 433 434 435 436 437 438 439 440 441 442 443 444 445 446 447 448 449 450 451 452 453 454 455 456 457 458 459 460 461 462 463 464 465 466 467 468 469 470 471 472 473 474 475 476 477 478 479 480 481 482 483 484 485 486 487 488 489 490 491 492 493 494 495 496 497 498 499 500 501 502 503 504 505 506 507 508 509 510 511 512 513 514 515 516 517 518 519 520 521 522 523 524 525 526 527 528 529 530 531 532 533 534 535 536 537 538 539 540 541 542 543 544 545 546 547 548 549 550 551 552 553 554 555 556 557 558 559 560 561 562 563 564 565 566 567 568 569 570 571 572 573 574 575 576 577 578 579 580 581 582 583 584 585 586 587 588 589 590 591 592 593 594 595 596 597 598 599 600 601 602 603 604 605 606 607 608 609 610 611 612 613 614 615 616 617 618 619 620 621 622 623 624 625 626 627 628 629 630 631 632 633 634 635 636 637 638 639 640 641 642 643 644 645 646 647 648 649 650 651 652 653 654 655 656 657 658 659 660 661 662 663 664 665 666 667 668 669 670 671 672 673 674 675 676 677 678 679 680 681 682 683 684 685 686 687 688 689 690 691 692 693 694 695 696 697 698 699 700 701 702 703 704 705 706 707 708 709 710 711 712 713 714 715 716 717 718 719 720 721 722 723 724 725 726 727 728 729 730 731 732 733 734 735 736 737 738 739 740 741 742 743 744 745 746 747 748 749 750 751 752 753 754 755 756 757 758 759 760 761 762 763 764 765 766 767 768 769 770 771 772 773 774 775 776 777 778 779 780 781 782 783 784 785 786 787 788 789 790 791 792 793 794 795 796 797 798 799 800 801 802 803 804 805 806 807 808 809 810 811 812 813 814 815 816 817 818 819 820 821 822 823 824 825 826 827 828 829 830 831 832 833 834 835 836 837 838 839 840 841 842 843 844 845 846 847 848 849 850 851 852 853 854 855 856 857 858 859 860 861 862 863 864 865 866 867 868 869 870 871 872 873 874 875 876 877 878 879 880 881 882 883 884 885 886 887 888 889 890 891 892 893 894 895 896 897 898 899 900 901 902 903 904 905 906 907 908 909 910 911 912 913 914 915 916 917 918 919 920 921 922 923 924 925 926 927 928 929 930 931 932 933 934 935 936 937 938 939 940 941 942 943 944 945 946 947 948 949 950 951 952 953 954 955 956 957 958 959 960 961 962 963 964 965 966 967 968 969 970 971 972 973 974 975 976 977 978 979 980 981 982 983 984 985 986 987 988 989 990 991 992 993 994 995 996 997 998 999 1000 1001 1002 1003 1004 1005 1006 1007 1008 1009 1010 1011 1012 1013 1014 1015 1016 1017 1018 1019 1020 1021 1022 1023 1024 1025 1026 1027 1028 1029 1030 1031 1032 1033 1034 1035 1036 1037 1038 1039 1040 1041 1042 1043 1044 1045 1046 1047 1048 1049 1050 1051 1052 1053 1054 1055 1056 1057 1058 1059 1060 1061 1062 1063 1064 1065 1066 1067 1068 1069 1070 1071 1072 1073 1074 1075 1076 1077 1078 1079 1080 1081 1082 1083 1084 1085 1086 1087 1088 1089 1090 1091 1092 1093 1094 1095 1096 1097 1098 1099 1100 1101 1102 1103 1104 1105 1106 1107 1108 1109 1110 1111 1112 1113 1114 1115 1116 1117 1118 1119 1120 1121 1122 1123 1124 1125 1126 1127 1128 1129 1130 1131 1132 1133 1134 1135 1136 1137 1138 1139 1140 1141 1142 1143 1144 1145 1146 1147 1148 1149 1150 1151 1152 1153 1154 1155 1156 1157 1158 1159 1160 1161 1162 1163 1164 1165 1166 1167 1168 1169 1170 1171 1172 1173 1174 1175 1176 1177 1178 1179 1180 1181 1182 1183 1184 1185 1186 1187 1188 1189 1190 1191 1192 1193 1194 1195 1196 1197 1198 1199 1200 1201 1202 1203 1204 1205 1206 1207 1208 1209 1210 1211 1212 1213 1214 1215 1216 1217 1218 1219 1220 1221 1222 1223 1224 1225 1226 1227 1228 1229 1230 1231 1232 1233 1234 1235 1236 1237 1238 1239 1240 1241 1242 1243 1244 1245 1246 1247 1248 1249 1250 1251 1252 1253 1254 1255 1256 1257 1258 1259 1260 1261 1262 1263 1264 1265 1266 1267 1268 1269 1270 1271 1272 1273 1274 1275 1276 1277 1278 1279 1280 1281 1282 1283 1284 1285 1286 1287 1288 1289 1290 1291 1292 1293 1294 1295 1296 1297 1298 1299 1300 1301 1302 1303 1304 1305 1306 1307 1308 1309 1310 1311 1312 1313 1314 1315 1316 1317 1318 1319 1320 1321 1322 1323 1324 1325 1326 1327 1328 1329 1330 1331 1332 1333 1334 1335 1336 1337 1338 1339 1340 1341 1342 1343 1344 1345 1346 1347 1348 1349 1350 1351 1352 1353 1354 1355 1356 1357 1358 1359 1360 1361 1362 1363 1364 1365 1366 1367 1368 1369 1370 1371 1372 1373 1374 1375 1376 1377 1378 1379 1380 1381 1382 1383 1384 1385 1386 1387 1388 1389 1390 1391 1392 1393 1394 1395 1396 1397 1398 1399 1400 1401 1402 1403 1404 1405 1406 1407 1408 1409 1410 1411 1412 1413 1414 1415 1416 1417 1418 1419 1420 1421 1422 1423 1424 1425 1426 1427 1428 1429 1430 1431 1432 1433 1434 1435 1436 1437 1438 1439 1440 1441 1442 1443 1444 1445 1446 1447 1448 1449 1450 1451 1452 1453 1454 1455 1456 1457 1458 1459 1460 1461 1462 1463 1464 1465 1466 1467 1468 1469 1470 1471 1472 1473 1474 1475 1476 1477 1478 1479 1480 1481 1482 1483 1484 1485 1486 1487 1488 1489 1490 1491 1492 1493 1494 1495 1496 1497 1498 1499 1500 1501 1502 1503 1504 1505 1506 1507 1508 1509 1510 1511 1512 1513 1514 1515 1516 1517 1518 1519 1520 1521 1522 1523 1524 1525 1526 1527 1528 1529 1530 1531 1532 1533 1534 1535 1536 1537 1538 1539 1540 1541 1542 1543 1544 1545 1546 1547 1548 1549 1550 1551 1552 1553 1554 1555 1556 1557 1558 1559 1560 1561 1562 1563 1564 1565 1566 1567 1568 1569 1570 1571 1572 1573 1574 1575 1576 1577 1578 1579 1580 1581 1582 1583 1584 1585 1586 1587 1588 1589 1590 1591 1592 1593 1594 1595 1596 1597 1598 1599 1600 1601 1602 1603 1604 1605 1606 1607 1608 1609 1610 1611 1612 1613 1614 1615 1616 1617 1618 1619 1620 1621 1622 1623 1624 1625 1626 1627 1628 1629 1630 1631 1632 1633 1634 1635 1636 1637 1638 1639 1640 1641 1642 1643 1644 1645 1646 1647 1648 1649 1650 1651 1652 1653 1654 1655 1656 1657 1658 1659 1660 1661 1662 1663 1664 1665 1666 1667 1668 1669 1670 1671 1672 1673 1674 1675 1676 1677 1678 1679 1680 1681 1682 1683 1684 1685 1686 1687 1688 1689 1690 1691 1692 1693 1694 1695 1696 1697 1698 1699 1700 1701 1702 1703 1704 1705 1706 1707 1708 1709 1710 1711 1712 1713 1714 1715 1716 1717 1718 1719 1720 1721 1722 1723 1724 1725 1726 1727 1728 1729 1730 1731 1732 1733 1734 1735 1736 1737 1738 1739 1740 1741 1742 1743 1744 1745 1746 1747 1748 1749 1750 1751 1752 1753 1754 1755 1756 1757 1758 1759 1760 1761 1762 1763 1764 1765 1766 1767 1768 1769 1770 1771 1772 1773 1774 1775 1776 1777 1778 1779 1780 1781 1782 1783 1784 1785 1786 1787 1788 1789 1790 1791 1792 1793 1794 1795 1796 1797 1798 1799 1800 1801 1802 1803 1804 1805 1806 1807 1808 1809 1810 1811 1812 1813 1814 1815 1816 1817 1818 1819 1820 1821 1822 1823 1824 1825 1826 1827 1828 1829 1830 1831 1832 1833 1834 1835 1836 1837 1838 1839 1840 1841 1842 1843 1844 1845 1846 1847 1848 1849 1850 1851 1852 1853 1854 1855 1856 1857 1858 1859 1860 1861 1862 1863 1864 1865 1866 1867 1868 1869 1870 1871 1872 1873 1874 1875 1876 1877 1878 1879 1880 1881 1882 1883 1884 1885 1886 1887 1888 1889 1890 1891 1892 1893 1894 1895 1896 1897 1898 1899 1900 1901 1902 1903 1904 1905 1906 1907 1908 1909 1910 1911 1912 1913 1914 1915 1916 1917 1918 1919 1920 1921 1922 1923 1924 1925 1926 1927 1928 1929 1930 1931 1932 1933 1934 1935 1936 1937 1938 1939 1940 1941 1942 1943 1944 1945 1946 1947 1948 1949 1950 1951 1952 1953 1954 1955 1956 1957 1958 1959 1960 1961 1962 1963 1964 1965 1966 1967 1968 1969 1970 1971 1972 1973 1974 1975 1976 1977 1978 1979 1980 1981 1982 1983 1984 1985 1986 1987 1988 1989 1990 1991 1992 1993 1994 1995 1996 1997 1998 1999 2000 2001 2002 2003 2004 2005 2006 2007 2008 2009 2010 2011 2012 2013 2014 2015 2016 2017 2018 2019 2020 2021 2022 2023 2024 2025 2026 2027 2028 2029 2030 2031 2032 2033 2034 2035 2036 2037 2038 2039 2040 2041 2042 2043 2044 2045 2046 2047 2048 2049 2050 2051 2052 2053 2054 2055 2056 2057 2058 2059 2060 2061 2062 2063 2064 2065 2066 2067 2068 2069 2070 2071 2072 2073 2074 2075 2076 2077 2078 2079 2080 2081 2082 2083 2084 2085 2086 2087 2088 2089 2090 2091 2092 2093 2094 2095 2096 2097 2098 2099 2100 2101 2102 2103 2104 2105 2106 2107 2108 2109 2110 2111 2112 2113 2114 2115 2116 2117 2118 2119 2120 2121 2122 2123 2124 2125 2126 2127 2128 2129 2130 2131 2132 2133 2134 2135 2136 2137 2138 2139 2140 2141 2142 2143 2144 2145 2146 2147 2148 2149 2150 2151 2152 2153 2154 2155 2156 2157 2158 2159 2160 2161 2162 2163 2164 2165 2166 2167 2168 2169 2170 2171 2172 2173 2174 2175 2176 2177 2178 2179 2180 2181 2182 2183 2184 2185 2186 2187 2188 2189 2190 2191 2192 2193 2194 2195 2196 2197 2198 2199 2200 2201 2202 2203 2204 2205 2206 2207 2208 2209 2210 2211 2212 2213 2214 2215 2216 2217 2218 2219 2220 2221 2222 2223 2224 2225 2226 2227 2228 2229 2230 2231 2232 2233 2234 2235 2236 2237 2238 2239 2240 2241 2242 2243 2244 2245 2246 2247 2248 2249 2250 2251 2252 2253 2254 2255 2256 2257 2258 2259 2260 2261 2262 2263 2264 2265 2266 2267 2268 2269 2270 2271 2272 2273 2274 2275 2276 2277 2278 2279 2280 2281 2282 2283 2284 2285 2286 2287 2288 2289 2290 2291 2292 2293 2294 2295 2296 2297 2298 2299 2300 2301 2302 2303 2304 2305 2306 2307 2308 2309 2310 2311 2312 2313 2314 2315 2316 2317 2318 2319 2320 2321 2322 2323 2324 2325 2326 2327 2328 2329 2330 2331 2332 2333 2334 2335 2336 2337 2338 2339 2340 2341 2342 2343 2344 2345 2346 2347 2348 2349 2350 2351 2352 2353 2354 2355 2356 2357 2358 2359 2360 2361 2362 2363 2364 2365 2366 2367 2368 2369 2370 2371 2372 2373 2374 2375 2376 2377 2378 2379 2380 2381 2382 2383 2384 2385 2386 2387 2388 2389 2390 2391 2392 2393 2394 2395 2396 2397 2398 2399 2400 2401 2402 2403 2404 2405 2406 2407 2408 2409 2410 2411 2412 2413 2414 2415 2416 2417 2418 2419 2420 2421 2422 2423 2424 2425 2426 2427 2428 2429 2430 2431 2432 2433 2434 2435 2436 2437 2438 2439 2440 2441 2442 2443 2444 2445 2446 2447 2448 2449 2450 2451 2452 2453 2454 2455 2456 2457 2458 2459 2460 2461 2462 2463 2464 2465 2466 2467 2468 2469 2470 2471 2472 2473 2474 2475 2476 2477 2478 2479 2480 2481 2482 2483 2484 2485 2486 2487 2488 2489 2490 2491 2492 2493 2494 2495 2496 2497 2498 2499 2500 2501 2502 2503 2504 2505 2506 2507 2508 2509 2510 2511 2512 2513 2514 2515 2516 2517 2518 2519 2520 2521 2522 2523 2524 2525 2526 2527 2528 2529 2530 2531 2532 2533 2534 2535 2536 2537 2538 2539 2540 2541 2542 2543 2544 2545 2546 2547 2548 2549 2550 2551 2552 2553 2554 2555 2556 2557 2558 2559 2560 2561 2562 2563 2564 2565 2566 2567 2568 2569 2570 2571 2572 2573 2574 2575 2576 2577 2578 2579 2580 2581 2582 2583 2584 2585 2586 2587 2588 2589 2590 2591 2592 2593 2594 2595 2596 2597 2598 2599 2600 </DataArray>
        <DataArray type="UInt8" Name="vtkGhostType" format="ascii" RangeMin="0" RangeMax="0">0 0 0 0 0 0 0 0 0 0 0 0 0 0 0 0 0 0 0 0 0 0 0 0 0 0 0 0 0 0 0 0 0 0 0 0 0 0 0 0 0 0 0 0 0 0 0 0 0 0 0 0 0 0 0 0 0 0 0 0 0 0 0 0 0 0 0 0 0 0 0 0 0 0 0 0 0 0 0 0 0 0 0 0 0 0 0 0 0 0 0 0 0 0 0 0 0 0 0 0 0 0 0 0 0 0 0 0 0 0 0 0 0 0 0 0 0 0 0 0 0 0 0 0 0 0 0 0 0 0 0 0 0 0 0 0 0 0 0 0 0 0 0 0 0 0 0 0 0 0 0 0 0 0 0 0 0 0 0 0 0 0 0 0 0 0 0 0 0 0 0 0 0 0 0 0 0 0 0 0 0 0 0 0 0 0 0 0 0 0 0 0 0 0 0 0 0 0 0 0 0 0 0 0 0 0 0 0 0 0 0 0 0 0 0 0 0 0 0 0 0 0 0 0 0 0 0 0 0 0 0 0 0 0 0 0 0 0 0 0 0 0 0 0 0 0 0 0 0 0 0 0 0 0 0 0 0 0 0 0 0 0 0 0 0 0 0 0 0 0 0 0 0 0 0 0 0 0 0 0 0 0 0 0 0 0 0 0 0 0 0 0 0 0 0 0 0 0 0 0 0 0 0 0 0 0 0 0 0 0 0 0 0 0 0 0 0 0 0 0 0 0 0 0 0 0 0 0 0 0 0 0 0 0 0 0 0 0 0 0 0 0 0 0 0 0 0 0 0 0 0 0 0 0 0 0 0 0 0 0 0 0 0 0 0 0 0 0 0 0 0 0 0 0 0 0 0 0 0 0 0 0 0 0 0 0 0 0 0 0 0 0 0 0 0 0 0 0 0 0 0 0 0 0 0 0 0 0 0 0 0 0 0 0 0 0 0 0 0 0 0 0 0 0 0 0 0 0 0 0 0 0 0 0 0 0 0 0 0 0 0 0 0 0 0 0 0 0 0 0 0 0 0 0 0 0 0 0 0 0 0 0 0 0 0 0 0 0 0 0 0 0 0 0 0 0 0 0 0 0 0 0 0 0 0 0 0 0 0 0 0 0 0 0 0 0 0 0 0 0 0 0 0 0 0 0 0 0 0 0 0 0 0 0 0 0 0 0 0 0 0 0 0 0 0 0 0 0 0 0 0 0 0 0 0 0 0 0 0 0 0 0 0 0 0 0 0 0 0 0 0 0 0 0 0 0 0 0 0 0 0 0 0 0 0 0 0 0 0 0 0 0 0 0 0 0 0 0 0 0 0 0 0 0 0 0 0 0 0 0 0 0 0 0 0 0 0 0 0 0 0 0 0 0 0 0 0 0 0 0 0 0 0 0 0 0 0 0 0 0 0 0 0 0 0 0 0 0 0 0 0 0 0 0 0 0 0 0 0 0 0 0 0 0 0 0 0 0 0 0 0 0 0 0 0 0 0 0 0 0 0 0 0 0 0 0 0 0 0 0 0 0 0 0 0 0 0 0 0 0 0 0 0 0 0 0 0 0 0 0 0 0 0 0 0 0 0 0 0 0 0 0 0 0 0 0 0 0 0 0 0 0 0 0 0 0 0 0 0 0 0 0 0 0 0 0 0 0 0 0 0 0 0 0 0 0 0 0 0 0 0 0 0 0 0 0 0 0 0 0 0 0 0 0 0 0 0 0 0 0 0 0 0 0 0 0 0 0 0 0 0 0 0 0 0 0 0 0 0 0 0 0 0 0 0 0 0 0 0 0 0 0 0 0 0 0 0 0 0 0 0 0 0 0 0 0 0 0 0 0 0 0 0 0 0 0 0 0 0 0 0 0 0 0 0 0 0 0 0 0 0 0 0 0 0 0 0 0 0 0 0 0 0 0 0 0 0 0 0 0 0 0 0 0 0 0 0 0 0 0 0 0 0 0 0 0 0 0 0 0 0 0 0 0 0 0 0 0 0 0 0 0 0 0 0 0 0 0 0 0 0 0 0 0 0 0 0 0 0 0 0 0 0 0 0 0 0 0 0 0 0 0 0 0 0 0 0 0 0 0 0 0 0 0 0 0 0 0 0 0 0 0 0 0 0 0 0 0 0 0 0 0 0 0 0 0 0 0 0 0 0 0 0 0 0 0 0 0 0 0 0 0 0 0 0 0 0 0 0 0 0 0 0 0 0 0 0 0 0 0 0 0 0 0 0 0 0 0 0 0 0 0 0 0 0 0 0 0 0 0 0 0 0 0 0 0 0 0 0 0 0 0 0 0 0 0 0 0 0 0 0 0 0 0 0 0 0 0 0 0 0 0 0 0 0 0 0 0 0 0 0 0 0 0 0 0 0 0 0 0 0 0 0 0 0 0 0 0 0 0 0 0 0 0 0 0 0 0 0 0 0 0 0 0 0 0 0 0 0 0 0 0 0 0 0 0 0 0 0 0 0 0 0 0 0 0 0 0 0 0 0 0 0 0 0 0 0 0 0 0 0 0 0 0 0 0 0 0 0 0 0 0 0 0 0 0 0 0 0 0 0 0 0 0 0 0 0 0 0 0 0 0 0 0 0 0 0 0 0 0 0 0 0 0 0 0 0 0 0 0 0 0 0 0 0 0 0 0 0 0 0 0 0 0 0 0 0 0 0 0 0 0 0 0 0 0 0 0 0 0 0 0 0 0 0 0 0 0 0 0 0 0 0 0 0 0 0 0 0 0 0 0 0 0 0 0 0 0 0 0 0 0 0 0 0 0 0 0 0 0 0 0 0 0 0 0 0 0 0 0 0 0 0 0 0 0 0 0 0 0 0 0 0 0 0 0 0 0 0 0 0 0 0 0 0 0 0 0 0 0 0 0 0 0 0 0 0 0 0 0 0 0 0 0 0 0 0 0 0 0 0 0 0 0 0 0 0 0 0 0 0 0 0 0 0 0 0 0 0 0 0 0 0 0 0 0 0 0 0 0 0 0 0 0 0 0 0 0 0 0 0 0 0 0 0 0 0 0 0 0 0 0 0 0 0 0 0 0 0 0 0 0 0 0 0 0 0 0 0 0 0 0 0 0 0 0 0 0 0 0 0 0 0 0 0 0 0 0 0 0 0 0 0 0 0 0 0 0 0 0 0 0 0 0 0 0 0 0 0 0 0 0 0 0 0 0 0 0 0 0 0 0 0 0 0 0 0 0 0 0 0 0 0 0 0 0 0 0 0 0 0 0 0 0 0 0 0 0 0 0 0 0 0 0 0 0 0 0 0 0 0 0 0 0 0 0 0 0 0 0 0 0 0 0 0 0 0 0 0 0 0 0 0 0 0 0 0 0 0 0 0 0 0 0 0 0 0 0 0 0 0 0 0 0 0 0 0 0 0 0 0 0 0 0 0 0 0 0 0 0 0 0 0 0 0 0 0 0 0 0 0 0 0 0 0 0 0 0 0 0 0 0 0 0 0 0 0 0 0 0 0 0 0 0 0 0 0 0 0 0 0 0 0 0 0 0 0 0 0 0 0 0 0 0 0 0 0 0 0 0 0 0 0 0 0 0 0 0 0 0 0 0 0 0 0 0 0 0 0 0 0 0 0 0 0 0 0 0 0 0 0 0 0 0 0 0 0 0 0 0 0 0 0 0 0 0 0 0 0 0 0 0 0 0 0 0 0 0 0 0 0 0 0 0 0 0 0 0 0 0 0 0 0 0 0 0 0 0 0 0 0 0 0 0 0 0 0 0 0 0 0 0 0 0 0 0 0 0 0 0 0 0 0 0 0 0 0 0 0 0 0 0 0 0 0 0 0 0 0 0 0 0 0 0 0 0 0 0 0 0 0 0 0 0 0 0 0 0 0 0 0 0 0 0 0 0 0 0 0 0 0 0 0 0 0 0 0 0 0 0 0 0 0 0 0 0 0 0 0 0 0 0 0 0 0 0 0 0 0 0 0 0 0 0 0 0 0 0 0 0 0 0 0 0 0 0 0 0 0 0 0 0 0 0 0 0 0 0 0 0 0 0 0 0 0 0 0 0 0 0 0 0 0 0 0 0 0 0 0 0 0 0 0 0 0 0 0 0 0 0 0 0 0 0 0 0 0 0 0 0 0 0 0 0 0 0 0 0 0 0 0 0 0 0 0 0 0 0 0 0 0 0 0 0 0 0 0 0 0 0 0 0 0 0 0 0 0 0 0 0 0 0 0 0 0 0 0 0 0 0 0 0 0 0 0 0 0 0 0 0 0 0 0 0 0 0 0 0 0 0 0 0 0 0 0 0 0 0 0 0 0 0 0 0 0 0 0 0 0 0 0 0 0 0 0 0 0 0 0 0 0 0 0 0 0 0 0 0 0 0 0 0 0 0 0 0 0 0 0 0 0 0 0 0 0 0 0 0 0 0 0 0 0 0 0 0 0 0 0 0 0 0 0 0 0 0 0 0 0 0 0 0 0 0 0 0 0 0 0 0 0 0 0 0 0 0 0 0 0 0 0 0 0 0 0 0 0 0 0 0 0 0 0 0 0 0 0 0 0 0 0 0 0 0 0 0 0 0 0 0 0 0 0 0 0 0 0 0 0 0 0 0 0 0 0 0 0 0 0 0 0 0 0 0 0 0 0 0 0 0 0 0 0 0 0 0 0 0 0 0 0 0 0 0 0 0 0 0 0 0 0 0 0 0 0 0 0 0 0 0 0 0 0 0 0 0 0 0 0 0 0 0 0 0 0 0 0 0 0 0 0 0 0 0 0 0 0 0 0 0 0 0 0 0 0 0 0 0 0 0 0 0 0 0 0 0 0 0 0 0 0 0 0 0 0 0 0 0 0 0 0 0 0 0 0 0 0 0 0 0 0 0 0 0 0 0 0 0 0 0 0 0 0 0 0 0 0 0 0 0 0 0 0 0 0 0 0 0 0 0 0 0 0 0 0 0 0 0 0 0 0 0 0 0 0 0 0 0 0 0 0 0 0 0 0 0 0 0 0 0 0 0 0 0 0 0 0 0 0 0 0 0 0 0 0 0 0 0 0 0 0 0 0 0 0 0 0 0 0 0 0 0 0 0 0 0 0 0 0 0 0 0 0 0 0 0 0 0 0 0 0 0 0 0 0 0 0 0 0 0 0 0 0 0 0 0 0 0 0 0 0 0 0 0 0 0 0 0 0 0 0 0 0 0 0 0 0 0 0 0 0 0 0 0 0 0 0 0 0 0 0 0 0 0 0 0 0 0 0 0 0 0 0 0 0 0 0 0 0 0 0 0 0 0 0 0 0 0 0 0 0 0 0 0 0 0 0 0 0 0 0 0 0 0 0 0 0 0 0 0 0 0 0 0 0 0 0 0 0 0 0 0 0 0 0 0 0 0 0 0 0 0 0 0 0 0 0 0 0 0 0 0 0 0 0 0 0 0 0 0 0 0 0 0 0 0 0 0 0 0 0 0 0 0 0 0 0 0 0 0 0 0 0 0 0 0 0 0 0 0 0 0 0 0 0 0 0 0 0 0 0 0 0 0 0 0 0 0 0 0 0 0 0 0 0 0 0 0 0 0 0 0 0 0 0 0 0 0 0 0 0 0 0 0 0 0 0 0 0 0 0 0 0 0 0 0 0 0 0 0 0 0 0 0 0 0 0 0 0 0 0 0 0 0 0 0 0 0 0 0 0 0 0 0 0 0 0 0 0 0 0 0 0 0 0 0 0 0 0 0 0 0 0 0 0 0 0 0 0 0 0 0 0 0 0 0 0 0 0 0 0 0 0 0 0 0 0 0 0 0 0 0 0 0 0 0 0 0 0 0 0 0 0 0 0 0 0 0 0 0 0 0 0 0 0 0 0 0 0 0 0 0 0 0 0 0 0 0 0 0 0 </DataArray>
        <DataArray type="Float64" Name="c" format="ascii">-0.4776563266527358 -0.5023641549213725 -0.5001087026446318 -0.4714018588806461 -0.3601679000214252 -0.4830112924440925 -0.3509327691748529 -0.4553285139088216 -0.09211834802384609 -0.4742804179994299 -0.07690364434010209 -0.3387689396149685 -0.4500448480635836 0.2454655967246601 -0.4767065863571689 0.2534918240833771 -0.06929663198608009 -0.3392916408123436 -0.4531005902530891 0.4452178744237174 -0.4769085121126005 0.444419306018222 0.2561981613965372 -0.07376674948769657 -0.3423909398189625 -0.451223379602798 0.5111480776935233 -0.4739967033618891 0.5092220254262289 0.4451341728814215 0.2532480022049717 -0.07615695410023728 -0.33938399614763 -0.4485324107859734 0.5294854236694571 -0.4836028303492155 0.528042136206728 0.509234798744009 0.4448935210016159 0.2515989442576597 -0.07828976307022081 -0.3441548008250259 -0.4622144777484052 0.5428621228013476 -0.5064983225695301 0.5406171278472345 0.5264420665295723 0.5093665920122926 0.441610945343023 0.2387249831088756 -0.1088792736719254 -0.377668440092978 -0.4902708532272661 0.5579402073864071 -0.5265719126014949 0.5533346638361676 0.5345327197702561 0.5239178932364997 0.5038281061881296 0.423720638073368 0.1800241566177802 -0.1944470710140564 -0.4312736167454815 -0.5153860007997481 0.5663901692836386 -0.5320098611735328 0.558558145760002 0.5402400114352552 0.5258634438917184 0.5148548780116986 0.4846264924584714 0.3629656963971437 0.04270051992167798 -0.312807190418649 -0.4791725857735252 -0.5255975956751294 0.5655924768439679 -0.5113556027925978 0.5554181219305029 0.5376172808218075 0.5223169784616746 0.5102586061782309 0.4909866440908829 0.429715060467865 0.2233421230517496 -0.1472591693127216 -0.412409210810729 -0.5044887561781835 -0.5084427422707025 0.5606724825749625 -0.4484274110274197 0.5499913688942148 0.5275966443456616 0.5086093968648722 0.495479417760225 0.4756231092799428 0.4332979061234881 0.3126406961896829 0.02036121381081474 -0.306816053442248 -0.4646923494928833 -0.4987708680219772 -0.450680260727486 0.5478535014913891 -0.3430121762403813 0.5366859986879358 0.5166683327718739 0.4842699588436088 0.4615674242082755 0.4388933197329569 0.4011967903981352 0.3283104140630396 0.1471271529317765 -0.1565348231338769 -0.387166561417391 -0.4721191930098146 -0.4567101723267804 -0.3544115693388704 0.5031086478305991 -0.2256428119982396 0.4886373850117038 0.4956433665134676 0.4533613597025608 0.4009567738224661 0.359277792230444 0.3232494311684777 0.2820462135210967 0.2012334507776169 0.008792901737590566 -0.2415738927972166 -0.4007293008585218 -0.4418895495188264 -0.3817463568050108 -0.2494826296444515 0.3896001273157442 -0.1397348679712651 0.3648411861597192 0.4333381364994209 0.4054660370561239 0.3167589971990019 0.2233361815868087 0.1700356673422924 0.1591756541116927 0.165643421498794 0.1199417644670047 -0.04057671282522529 -0.244476282859732 -0.3700537689092401 -0.3830262336695338 -0.302104899062737 -0.176114598335298 0.1828332997327938 -0.1022143193565884 0.1472761919770429 0.2872608644699921 0.310111759936634 0.2113986118090936 0.05666263054619608 -0.04476219156990171 -0.04872269865453262 0.0308180881774422 0.1258109702703638 0.1268818656247797 -0.00978092761960005 -0.2003782426293288 -0.3183753726984579 -0.3287314094761819 -0.2543346608532298 -0.1465803834142063 -0.02558053050416607 -0.09830187475123159 -0.05045160002007134 0.06166531353213359 0.1351418887204673 0.0742912173018007 -0.09637594809721645 -0.2401375021210941 -0.2714149881328721 -0.1763382737307812 0.02041009549719297 0.1857440399923092 0.1976745295735097 0.05335300674393988 -0.1553158257820152 -0.2921279408902611 -0.3142460849016052 -0.2439672907681878 -0.144278035010747 -0.07307079642238008 -0.105464943292658 -0.07361332471510348 -0.1057893298429574 -0.07718200336942706 -0.09814172109829357 -0.2234898212049894 -0.3642784036122507 -0.4207467166096503 -0.3623811834135384 -0.154290201506547 0.1341928689944294 0.2956997247821602 0.2726656020065097 0.08424082669637402 -0.1708555779826322 -0.3220220083519941 -0.3322499980057984 -0.2464599288979943 -0.1454440480547989 0.06425534355632823 -0.1141656484905834 0.08369854280372374 -0.0853606589349324 -0.1935429547396776 -0.2518677975276976 -0.3323423420449048 -0.4348461631270844 -0.4941292165293715 -0.4707720205085985 -0.3139200891452241 0.01225942828019884 0.297459822227607 0.3833861010396044 0.2918482014184308 0.02030368075824094 -0.2638592744822081 -0.3774441317365682 -0.3452195646100606 -0.2363066043818375 -0.1431945906511485 0.2602363729919192 -0.1312415055317834 0.2841240181076835 0.1068654105727444 -0.1308613501504064 -0.3083800979778812 -0.4072931099529161 -0.4808600604090709 -0.5287983065754071 -0.5230469358591006 -0.4187052678288836 -0.1238582247957251 0.243532433437305 0.4156517733788253 0.4068278847062196 0.2092922975431378 -0.1415819513138822 -0.3713940020219885 -0.4076268791579351 -0.3296063578894516 -0.2108848218728301 -0.1451132985530194 0.3789592164731171 -0.1673054874256046 0.4005660209763817 0.322078851357444 0.08809489944926133 -0.2270267291763294 -0.4205645542229446 -0.5056608740110913 -0.5475235436429237 -0.5505194672675183 -0.4852307651581043 -0.2484993199571437 0.1610155868844647 0.4154519735404304 0.4600362601432263 0.3469501541076518 0.02090448120302964 -0.313421512783713 -0.428416580974652 -0.3950000573919139 -0.2870081983380537 -0.1790649498099757 -0.1639880280036538 0.3822988818494263 -0.2320748480877668 0.4052946987305343 0.4407294089818417 0.324819030474923 -0.007171145285315279 -0.3476319283167296 -0.4981212963608401 -0.5512317755625502 -0.5651047885123182 -0.5308052480417023 -0.3629454315394753 0.04659616961783378 0.3978252773136586 0.4929809407431516 0.4391309159606712 0.1986834355393514 -0.1915042240539047 -0.4087286697708771 -0.4247716179044888 -0.3453496742832414 -0.2252645867899279 -0.1571079986589919 -0.2150673156265051 0.2429649985114999 -0.315624171139284 0.2702917151644934 0.4519850931462863 0.4581250377231089 0.2524861387365679 -0.1618600663768886 -0.4427761275145421 -0.5350038591620146 -0.5640595902569295 -0.5568013639931675 -0.4579917806810316 -0.1065702830316425 0.3424032596339782 0.5157861321489405 0.5040780943792464 0.3578576733221456 0.008449347499835513 -0.3226379199772472 -0.4176128993572119 -0.3731861902938394 -0.2671589898961079 -0.161241947395255 -0.1702665404862477 -0.291139583220222 -0.05546577171833843 -0.3788482787140889 -0.02275765821438639 0.3399156685330492 0.4809841191420207 0.4170732331087906 0.0902945173720875 -0.3142231981111887 -0.493770722592007 -0.5473349350028032 -0.5609923007502632 -0.5161795816026893 -0.269819973339489 0.2222238125082483 0.5111147767440503 0.5492292271214855 0.4692561707331475 0.2341534650023413 -0.1326980246845575 -0.3465944737139199 -0.3613245345922488 -0.2846278551647534 -0.1731298828016245 -0.1230569605669544 -0.2171571219420623 -0.3498005614590642 -0.3588576765259487 -0.3665601084162061 -0.3248439664326578 0.07321807120953083 0.392881258234612 0.4582866209216052 0.2811698207889039 -0.1231985469208494 -0.4158152016772355 -0.515592125828884 -0.548140673977223 -0.5366628309366992 -0.3926093338532011 0.04587214657407324 0.4556496811527976 0.5688070561383777 0.5357279368106531 0.3987864538537085 0.1160838107796984 -0.1771511190571697 -0.2837545691721878 -0.2543585272403748 -0.1675984987043647 -0.08538169987175662 -0.1144411622172887 -0.2525411740122694 -0.3321957381869723 -0.50610013380438 -0.2188876408813576 -0.479470999330005 -0.2347601523003861 0.1610839999914872 0.3845511329643437 0.3443637407217412 0.04745342849394337 -0.3022376974261544 -0.4660429559902136 -0.5225531695665323 -0.5320128362951119 -0.456655713635101 -0.1315306667956674 0.3415853613802695 0.5534457724085755 0.5697197001897413 0.4883994936775753 0.3052346004277788 0.04499494847837707 -0.1259956707490196 -0.1510409153079912 -0.1059376081930743 -0.03664659336174365 -0.01046229432663224 -0.09909340257472599 -0.2190867008731439 -0.1800957410826602 -0.5250012500916962 0.07121101732819461 -0.5004464617039668 -0.4091530196192173 -0.1354981985070179 0.1804977976463146 0.2787523496305236 0.1164471424543329 -0.1900560982040286 -0.3999824278735792 -0.4857791036256698 -0.5133126692983613 -0.4771943601000844 -0.2619374121540227 0.1919988903232803 0.5001142450337644 0.5746863576610344 0.5321425827499872 0.4001066205040841 0.2047197266975076 0.04925411863226278 0.007537313250746817 0.02689342694174866 0.06126104043711893 0.09330570845329236 0.06395715274348342 -0.042548527790371 -0.08053450062781671 0.09386289695864142 -0.4416974110983128 0.3470686561641352 -0.4052326018880293 -0.4282101025305655 -0.3174642130479288 -0.08307073827421545 0.09770128551094213 0.06331705747093032 -0.1381987863664332 -0.3315205582919059 -0.43856870479841 -0.48569014329613 -0.4752955445864501 -0.3379944886515582 0.04366392560248662 0.41818551896234 0.5542411560237128 0.5474510129787975 0.4371428222966587 0.2638926636164219 0.1463467688437146 0.1422757725177771 0.1803090334515494 0.2028939929782572 0.2148340797603249 0.2046869579480436 0.1348040756079614 0.05632899923882462 0.1259554573589547 0.3361597254725672 -0.2255195375454188 0.4881581497708019 -0.1665163949630695 -0.3043755321279271 -0.3302156003786553 -0.2458246879113827 -0.1138432971559482 -0.07642346709241789 -0.169371750715119 -0.2933580532469256 -0.3862858570337116 -0.448066516425664 -0.4627509283687321 -0.3799909193237612 -0.08338684262238638 0.3180384705791106 0.5165514961148733 0.5425140632385163 0.4461439893884376 0.2553914383218295 0.1333963645038079 0.1840359495558238 0.2832694942698002 0.3315475857964248 0.3394734725489588 0.3257561286050564 0.2722065778609524 0.1807872911958613 0.154995127701068 0.2868997395145585 0.4574657963906322 0.08627289069613375 0.5292241203993607 0.1429099345938695 -0.03915436144558615 -0.1868539995918069 -0.2517910323066245 -0.2350265957494991 -0.2158858295158143 -0.2492876102917499 -0.3009833304168203 -0.3472644748194034 -0.402633705878617 -0.4403948766169028 -0.4043736648345458 -0.1963597721595706 0.1943012629380533 0.4607745742267051 0.523639685124175 0.4409951776341296 0.2190811745829493 0.03521486121934294 0.1061760092705804 0.2985174113177788 0.4069722245664177 0.4328370454256181 0.4235292465936776 0.3777027067059601 0.2801647477781675 0.1757747502703976 0.1938002688026298 0.350124748844026 0.4867036186643873 0.3067649514067904 0.5048531056204894 0.3403192172097855 0.2437131589145155 0.06927983634246862 -0.1211764654050094 -0.2332910907586518 -0.2822273158008297 -0.3162389709448031 -0.331652045361055 -0.3286350093521967 -0.3557571964175862 -0.4081460450907315 -0.4151708399197066 -0.2948272186412281 0.03116026919294525 0.3638578373037809 0.4857739299906353 0.4280924358934901 0.1867138930850523 -0.0847422866147233 -0.07361276916044091 0.2008309698820679 0.4167243521992943 0.4828653683331036 0.4871528622816816 0.4572146797090217 0.3717493350382008 0.2205131594411413 0.09793480242810701 0.1525514777351984 0.330109075772852 0.4465334500653722 0.376648291116788 0.4228878641109151 0.4010855227018238 0.3996936765287599 0.299797622373998 0.08549868529493306 -0.1335100677938477 -0.263517565631784 -0.3306992529480452 -0.3460740937878684 -0.3121918932420135 -0.3014426006750143 -0.3588560663816345 -0.410131428686712 -0.3680688182149348 -0.1522999661748854 0.194006406755636 0.4051452478411489 0.4011610222583339 0.1756379863392589 -0.1583502011793151 -0.2613729257717643 -0.008157430983119829 0.3398904858409982 0.4884769543648399 0.5161984072585887 0.5046663403286643 0.4486299141516136 0.3076757740223612 0.08419690303134229 -0.04438556036744157 0.04974902949159112 0.2408199788179981 0.3462177501826594 0.3324500753828784 0.3173746447647856 0.3578993139179339 0.4446804894259952 0.4189958602206256 0.2609893571427946 0.008574934799457385 -0.1873871778826934 -0.2869720523156311 -0.3160741073824582 -0.2686793477813973 -0.2168173309099756 -0.2712914264346029 -0.3752284082926705 -0.4070343628347231 -0.3049567941241247 -0.03534382517107507 0.2508937554050563 0.342613931873721 0.1837423332248001 -0.1584544849272532 -0.3597219054636273 -0.2326441955058956 0.1608520281402966 0.4367656741266713 0.5114205880495256 0.5197234419653226 0.4934039020818468 0.3990112394060928 0.172111096097682 -0.1050535607871645 -0.1975477060274827 -0.08178623657926001 0.1085187431439247 0.2352909532849863 0.1541969853866792 0.2703004481921189 0.1843273067679742 0.4083393372467981 0.4568244893727346 0.3592840087678476 0.1228286328207064 -0.1098790194249536 -0.2199017779467606 -0.2408728474843055 -0.1807030430632885 -0.08372554071362932 -0.1093744392146552 -0.2757990231447809 -0.4021547271086758 -0.3951136841594773 -0.2449060908292943 0.02663288482348923 0.2306545711802587 0.194940886480727 -0.08592715178646307 -0.3475238204871277 -0.3531846491844749 -0.05846201832410929 0.3099475601504461 0.4651641192415628 0.5006108897735848 0.5020983125588542 0.4543965428386971 0.2913315529467925 -0.02146852690635566 -0.2714846204088203 -0.3151418177763757 -0.2008035242024048 0.009540811903549582 0.2068867666752206 -0.1412873542876058 0.3279401420351277 -0.09985153137519615 0.2673276880187343 0.4352623988439394 0.4021720612294371 0.1927391088422762 -0.07387981777914712 -0.1927957121888554 -0.1713891384137358 -0.06758418610554466 0.07410438605527678 0.1165243804263506 -0.06065106416096292 -0.3147928079414608 -0.4210935997975295 -0.3721066744239914 -0.1918590991612262 0.06077598995833382 0.1779795181716061 0.03571180898879851 -0.2297432860265211 -0.3403428474109217 -0.1965490947320481 0.1338171573012229 0.364865251250421 0.4392267999396633 0.4673036008067793 0.4613863421746091 0.369747482433116 0.1194854984448387 -0.2011777218346071 -0.3741886960524598 -0.3871876897459792 -0.24995398542773 0.03348291800374705 0.2937266036053172 -0.3827169468301245 0.4335570734874591 -0.3376350387281447 0.02738203126878523 0.3436433773767215 0.4033282823536696 0.239024776218339 -0.06235877772013646 -0.2291465297838903 -0.1790517636714743 0.003388869996888438 0.2046924710680006 0.3123758558476559 0.2278157252576038 -0.07934150056254105 -0.350575579023699 -0.4116164395430045 -0.3245453718780069 -0.115659767868963 0.1074064840192909 0.1411176484757674 -0.03511181983713185 -0.2102970044694433 -0.2017017936081079 -0.004131992514690865 0.2197880243588203 0.3251602037342221 0.3744867673894057 0.4065797220800398 0.3770016016487334 0.2208217843767673 -0.06716824992706849 -0.3180264562958332 -0.4286317449428733 -0.4019971877784242 -0.1772139756028405 0.184915472407596 0.4186322910062957 -0.4843011387241877 0.508418938911618 -0.4483578091068121 -0.2005616699713242 0.1838211032399736 0.3647315143093749 0.2702479705099792 -0.03847052267306423 -0.2830706317834091 -0.2729470446065257 -0.03796345220907668 0.259259907552147 0.4248247723887401 0.4376819527879872 0.2486300577655498 -0.1132566575572693 -0.3420483644141077 -0.3520442348159042 -0.2217356014727893 0.005804050250142198 0.1689488223134663 0.1371212594328353 -0.01607201445342055 -0.1056295456060869 -0.04961341751148491 0.08296671692685621 0.1709539878879179 0.2157552855070866 0.2693876261825333 0.294610521086226 0.226732542253968 0.03600721019988657 -0.2082332953700222 -0.3834818661443835 -0.4427593739796954 -0.3321255943376316 0.01556380406637658 0.3595485329261696 0.5001840169095715 -0.500294246404604 0.5272351521182077 -0.4719134225582238 -0.3304264010530665 0.01089326270069924 0.295294110104867 0.2940917256827587 0.01517257854706474 -0.3017661274415354 -0.3828629059078113 -0.194799271648363 0.1937038182520192 0.459823637920898 0.536312220994696 0.4781890401315248 0.2323810920802623 -0.1076380650601482 -0.262488884374184 -0.220289084104819 -0.05955263310044868 0.1275264653594408 0.1999648981223585 0.1291154978295994 0.01230896876513906 -0.03666664947497891 -0.009007866816538996 0.02244954256696278 0.02897958933054345 0.06029646943952101 0.1122217613745502 0.1179654365667656 0.03809559184113303 -0.1180005629568564 -0.2931478469940231 -0.4110159019311673 -0.4040604031029707 -0.1686404944624985 0.232494717939087 0.4650462726318305 0.5201861939113765 -0.4795338716558191 0.498233796542685 -0.455439183153513 -0.3729051508443881 -0.113737362121566 0.2123150964290454 0.3147601803469193 0.1099344858950685 -0.2571815622020517 -0.4414785623343425 -0.3733474843294203 -0.007995998153766974 0.4042079440822375 0.5661726998767287 0.5814253134852807 0.4771320772485161 0.222565241365746 -0.03571731197177462 -0.1063811335493517 -0.0336921082530684 0.08768897080081446 0.1684689710167949 0.1524996475776184 0.06149555912694435 -0.03510922178156282 -0.08189941891762569 -0.0978983845651375 -0.1246492136988623 -0.1390907109350138 -0.113188569085035 -0.07756720467883746 -0.07079153254331828 -0.1097279244800046 -0.2047797900026767 -0.3297694408444946 -0.399837625172632 -0.3065673552640286 0.0317075523240294 0.3693079858001306 0.4915575507088915 0.4923526656937726 -0.4397288084759047 0.428345163639353 -0.4182277665380809 -0.3681467766296838 -0.1756565648061469 0.1349748619538153 0.3207326582310406 0.2302243544491812 -0.1273571273918864 -0.4237927897750506 -0.4764393862412815 -0.2609829356706034 0.2241481060781106 0.5350351481837965 0.6151522830690478 0.5898660860937878 0.4569798288433639 0.2406902004614516 0.09172758547987965 0.0817630519227257 0.1182204632151021 0.1278513056392914 0.08921642096274368 0.01162620799426984 -0.08757879015344527 -0.1703359574151408 -0.209488678928234 -0.2373960441346119 -0.2700541166018224 -0.2817024931560692 -0.2655458314044999 -0.2300372190467505 -0.1850302573539514 -0.1650009350179922 -0.2218403707178745 -0.3264861228994982 -0.3542132515775117 -0.1768880533055396 0.1754119502991183 0.4081802267531177 0.4645711958775116 0.4243290281521 -0.3534483766092291 0.2921564857943687 -0.3328270628381631 -0.3379271643531239 -0.1940168039773861 0.07701150479752712 0.3031627195250496 0.3261248232005878 0.07127576286291287 -0.3099991566079238 -0.4861504852915641 -0.4301959640971042 -0.04999713752927378 0.4186158258002948 0.6018000129481208 0.6311549824624955 0.572417767774475 0.4332937577733244 0.2855728779802058 0.2271423960612541 0.2168055161039113 0.1562884769349381 0.03749313683505952 -0.08139417089610521 -0.1791751037206552 -0.2679985327900173 -0.3194677422203223 -0.3338490331473976 -0.3511324551365211 -0.3734620921802658 -0.379988303748126 -0.35832447386453 -0.2888631773256122 -0.1834813513449967 -0.1247459307856585 -0.1918272934586451 -0.3024105825885733 -0.2917660039139463 -0.07094709137588941 0.2277685052484028 0.3845442356408 0.4004467128895332 0.2916493679373089 -0.1558513709216448 0.059211249349767 -0.1412844261288866 -0.2689523227356884 -0.1898509594219444 0.03600236725907296 0.2693084899782096 0.3660314342581529 0.2547395135765393 -0.09954812319989408 -0.4069691780822854 -0.4797383863946852 -0.2865334973655718 0.2065523451692941 0.5390145897173175 0.630160576965062 0.622149963096111 0.5389557670178681 0.4178141878860049 0.3392987987466773 0.3173648134643864 0.2515482269571468 0.07563020499634361 -0.1263590517132522 -0.2548658728027456 -0.3424373590332846 -0.4040533632753725 -0.4184020681684599 -0.4118206427150486 -0.4203906701885476 -0.4328845137199585 -0.4284750247913549 -0.3724338832120495 -0.2335365362119992 -0.07019927838797649 -0.03033360134374859 -0.1542642038670997 -0.2779510512533908 -0.2375618545259077 -0.01791143058033088 0.2218772689068766 0.3326853042494944 0.2883274325513981 0.06920503778203375 0.1447867167091498 -0.2059370502369303 0.1357006646755574 -0.1277467920785378 -0.1726527178540827 -0.007465173598968406 0.22049750314843 0.3585476358661202 0.3549133926359694 0.1328059212941011 -0.2383526194113273 -0.4396127500325999 -0.4031713937501512 -0.03931579946574176 0.4151887636815542 0.5966922308498699 0.6324401701732403 0.5946398826297074 0.5019756295771921 0.4117663303995491 0.3738223804836859 0.3384686154922822 0.1919068056559614 -0.06502915827266639 -0.262817835571647 -0.3675574053524968 -0.4407358312825365 -0.4730222039184858 -0.4594612504977605 -0.4439437637120459 -0.4478429639349343 -0.4530760288930813 -0.4216614799174657 -0.2936466319460971 -0.06765338790669671 0.09625213288360238 0.05329396680549588 -0.1389138547391743 -0.2635561016058629 -0.2013238633338529 0.005846921342967358 0.2059668654076159 0.2604654873481665 0.1100092058298688 -0.1790940322767296 0.3893308066594978 -0.382860732002676 0.3577852574143893 0.07022574844430855 -0.1295754923858297 -0.07349325810522944 0.1373061414616492 0.3132137996466793 0.3744756130714225 0.2880627427313085 -0.01878239460862481 -0.3321210878239969 -0.421090479257242 -0.2316512223567119 0.2279454324393932 0.5295854202213536 0.6142141980918688 0.6143516575403517 0.5541755902626269 0.4599246681177426 0.391168574899517 0.3640579438570927 0.2928472781744265 0.08276028558683871 -0.1702209799998278 -0.3241746942943394 -0.4194954965481727 -0.4792879468742328 -0.481865242914378 -0.450878987433162 -0.4343636503797439 -0.4419029266365778 -0.436093547914278 -0.3503976851404459 -0.1221583195855047 0.1417468291262022 0.2259153240140511 0.0826479945591497 -0.1555848961156995 -0.2585218924284413 -0.1659665399435885 0.0437332846404169 0.1957844111629481 0.151333474056117 -0.09705661783029527 -0.350127740173738 0.5082085871277903 -0.4725808368307677 0.4726170239625229 0.2378390348245653 -0.05787434953562847 -0.1462948452073417 0.0009576823186193587 0.2162040528382138 0.337895334837324 0.340854779677589 0.1639059049920258 -0.1724085685791201 -0.3813329573824292 -0.3424531918922714 -0.0004824765643929826 0.4045656891837619 0.5701746120391628 0.6046328851599316 0.5738753178154672 0.4866001155412619 0.3796220640651752 0.32338011757045 0.3061070919601127 0.2137909317399899 0.007818095640497425 -0.1879028260609414 -0.3213295933243573 -0.4180860090431023 -0.4546215933246284 -0.4299168127942328 -0.3942425219077342 -0.3943675840605 -0.4137565140034395 -0.3846803690341949 -0.2195833100943028 0.08324254054821884 0.2935257429629917 0.2730435175129053 0.04483725808949655 -0.1982686077686751 -0.2443246348719081 -0.09640318264474558 0.1042993208765812 0.1667592838904551 0.01058807265796316 -0.2575909685646003 -0.4438567986354695 0.5588903049177101 -0.5239066554360424 0.5242439040525907 0.3327891766378899 0.007736267738868341 -0.1983376424178357 -0.1563433399207261 0.05218146991514769 0.2477883333851504 0.3221506827883325 0.255087817688321 -0.00768203268891331 -0.2987694874407715 -0.3868200780280284 -0.2189556388756849 0.1796952800044753 0.4713100349563262 0.5648742602347667 0.5620010817033341 0.4839951811195487 0.3408608491062405 0.220332049657395 0.2099514948531867 0.234457837473921 0.1697707712172441 0.02538524830626937 -0.1226174720097721 -0.2544545566597279 -0.3390485569294642 -0.3460315072390289 -0.310331197103307 -0.3017762259834204 -0.3445094841368289 -0.3784659250846465 -0.312009823378622 -0.06703992162517108 0.2352800866929939 0.3511609603257203 0.2327454648349023 -0.0495346416403087 -0.2329394409914121 -0.1824438724641281 0.01019965372539243 0.1476583584209237 0.1012140011992019 -0.1170864345934083 -0.3557652594353717 -0.4981866967145404 0.5818694081000712 -0.5535258318254701 0.5447163295663464 0.3739152814065299 0.04051256785159474 -0.232979022193804 -0.2792002558253039 -0.1378676113682729 0.09744126693349327 0.2567375873918025 0.2739265097815523 0.1107377732320854 -0.1911920322360408 -0.3818835995605515 -0.3650809222916535 -0.1189962574658491 0.2456575734099039 0.4585652734238149 0.5097944792805359 0.4474851444936841 0.2744126399556281 0.07628495882579196 0.01411817001368823 0.1075657512041885 0.20961004816878 0.2069955469077744 0.1264140668122405 0.01152322257141779 -0.1002648618969284 -0.1538428433363739 -0.1462214931323235 -0.1429104780612006 -0.2086661715108877 -0.3122256672116629 -0.351381997284768 -0.2345571212834891 0.05630709514880686 0.3014408073389969 0.3217433905120457 0.1167298457737886 -0.1439882063414677 -0.2043306526166269 -0.0633703071419251 0.103913520208203 0.1451890188068354 0.02767764689209976 -0.2013211473935352 -0.4120112539099163 -0.5287109123049465 0.5865452069546929 -0.5687998430402027 0.5433639053951249 0.3783600679911729 0.0404603502036254 -0.2648944331698641 -0.3557379304785612 -0.2814141367293211 -0.07773351154588594 0.1503845357279639 0.2559869215395697 0.1855096537023242 -0.0778881666382749 -0.3426404000849728 -0.4311258229785755 -0.3515610779743371 -0.09796061512063295 0.2071897142033727 0.3689568638345758 0.3580378473404632 0.1824720928097665 -0.06737830215187018 -0.1999320249688068 -0.1336849600156098 0.08170818636965389 0.2587957638244774 0.3020960243006498 0.2643138146798287 0.1899390042198078 0.1227671945068953 0.09627747316496231 0.08159858059140096 0.005695676453901619 -0.1604179560641086 -0.3116857706524683 -0.3324963534589697 -0.1644601322598489 0.1249873668775204 0.28832989578436 0.2178209518328778 -0.01385239774142479 -0.1587626187648162 -0.09186204017128097 0.06226638464574285 0.1476404401847212 0.123313011968323 -0.01694508889469986 -0.2468191526922628 -0.4440943717536966 -0.5458197559327187 0.5803737514133556 -0.5786413136069775 0.530042340627802 0.3541050389041424 0.00918554256651328 -0.3007541723657466 -0.4050165278384112 -0.3597432376455637 -0.2081870971820174 0.02541649770793553 0.2135319601670274 0.2414058025743922 0.05237247395090147 -0.261864008900595 -0.4444030043423752 -0.4651700938640261 -0.3673370852772184 -0.149892255668423 0.08415784177426271 0.1720040601030582 0.05400923735976582 -0.18573887405835 -0.3494126325307636 -0.3523847427347176 -0.1712486583860036 0.1406628970730983 0.3469782967547661 0.4025833340045056 0.3912201982734835 0.3552461474288366 0.323798148064869 0.3003726458314104 0.2410250980632497 0.07413304054336141 -0.1732308580675004 -0.3302248193518378 -0.3088931885035665 -0.1076060482442306 0.1359538498150294 0.2125322864644959 0.09363191975777813 -0.06187315508614471 -0.0632669510628433 0.05289272800268222 0.1428262329573358 0.1627578033430596 0.1213694201203428 -0.03048550668068392 -0.2744005288443963 -0.4668283113853588 -0.5575218699843273 0.5807791903426142 -0.5853218536795877 0.5247480899478125 0.3161821611691961 -0.04722729898616509 -0.3456973256288773 -0.4437115192236892 -0.4020773210038824 -0.2733380924774726 -0.06926302799771396 0.1535130325454745 0.274431807477699 0.2033100615320876 -0.0979097347462652 -0.3940236090950126 -0.5008973580784948 -0.4899944717936535 -0.3987023717320821 -0.2372845180644158 -0.100588042136327 -0.1177063345698622 -0.2834895676612392 -0.4329610860651312 -0.4735502872038879 -0.3906924852367297 -0.1196181215578616 0.2373886518915453 0.4240805866794157 0.4746660360441284 0.4759939625274455 0.4610522228276995 0.4428909331976842 0.4096526232084962 0.3029402849226572 0.05396572464679176 -0.2260106258671121 -0.3404204779971416 -0.2711361341464154 -0.07036568946056923 0.1075735513277688 0.1299066587406406 0.04595665196262039 0.01308659337134015 0.0842712245489201 0.1584837640347601 0.1816124074811888 0.1855958524847239 0.1437229811510421 -0.03475108105163025 -0.3013948478033924 -0.4854061747295123 -0.563299356032128 0.29025078764541 -0.1081180035823582 -0.3977409088745905 -0.4817626988988457 -0.4360447757701404 -0.3055855732074277 -0.1167448452094053 0.0997733397401491 0.2718878416071296 0.3193199151996987 0.1457974426832212 -0.2180638822532333 -0.4597889544497318 -0.5196507863749997 -0.4957780757663172 -0.4204261370541253 -0.3274880210816334 -0.2922381377424317 -0.3670547786323747 -0.4781013705425866 -0.5301187351553709 -0.5046506788303405 -0.3625974999269053 -0.02585757534203649 0.3180819519003264 0.46849870607823 0.5104145894719996 0.5162902936442876 0.5105489358886519 0.4965037541708451 0.4468562716661358 0.2790951887073324 -0.03619673849002259 -0.2818602452395048 -0.3269554068862379 -0.2236802877978556 -0.0405888078373488 0.0951692415644786 0.1225089507769109 0.1137677945364295 0.1470815382597605 0.1949674070684277 0.2040461464684213 0.2067659462682764 0.2228242765340299 0.1694053837205315 -0.04878314435420053 -0.3275244669682734 -0.4944662826507788 -0.1464606437972799 -0.4422848508686825 -0.5213152179563906 -0.4737034615564692 -0.3380214258727701 -0.1433238262475341 0.06447740479416399 0.2460994489314643 0.362824393218638 0.3443541791194386 0.08978972094155041 -0.2794209372709397 -0.46727780383385 -0.4998866825357209 -0.4715183218175763 -0.4283349034809297 -0.4055588433414734 -0.4332408343027573 -0.5019195906484625 -0.5543429797650884 -0.5561059382714421 -0.4929535278289576 -0.3000249640108421 0.06421240980461014 0.363164813198298 0.4811690278852244 0.5153771073084088 0.5252155829319536 0.5278994156746627 0.5121595964847808 0.422871189185337 0.1682818736351315 -0.1613149339856526 -0.314938740056763 -0.2931811498159379 -0.1606575749462655 0.02252650563602507 0.1535790823942474 0.206637397661274 0.2301447344438751 0.2455420192020835 0.2309687641795313 0.2097898619492983 0.2295187481499231 0.2578867679666124 0.1783290413365312 -0.07058418381574033 -0.337727387517803 -0.4590721186668061 -0.5532329815412349 -0.5151364828733362 -0.3845372761429577 -0.1815129045939097 0.03118771547051803 0.2100218176650499 0.3527228292608144 0.4266533746119451 0.3520204231952573 0.05484070874325876 -0.2778000038355664 -0.41716902832653 -0.4331112485889356 -0.4261321139579933 -0.4389387870447957 -0.4700665372427135 -0.515590151018005 -0.5599704731927936 -0.5769484137349821 -0.5493772725259209 -0.4555501613509373 -0.2232780499214672 0.1316984514626476 0.3749522178915842 0.4651457521349567 0.4965727609627251 0.5161464702391479 0.5258626292523065 0.4855655327517092 0.3117681651311301 -0.02306747934545383 -0.273251244497724 -0.3194950160750657 -0.235183691025323 -0.05482567950356784 0.1446685387194968 0.2685395115914055 0.3135877265920161 0.3096105250512066 0.2634869148688006 0.2028451431186411 0.1897735300826486 0.2409358561940803 0.2721235386948402 0.1693470386617611 -0.07577247208402869 -0.5625194708696873 -0.548745085004176 -0.4392007215470419 -0.2453313087292327 -0.02549736792081079 0.1555296264574149 0.3087160408983105 0.4279530601849439 0.4624078578135575 0.3436086811310178 0.05088402040593897 -0.2072409699795729 -0.2970959923053141 -0.3297462420245305 -0.3916599084730704 -0.4645173037787718 -0.5177033225838182 -0.5567889803754307 -0.5789698303602068 -0.5700343428788269 -0.5181296235138377 -0.3948130621001314 -0.1392433469414904 0.1679904151634279 0.349139142809486 0.4208980803950504 0.4601465152406615 0.4939068716485613 0.4916027548901393 0.3782535183174141 0.08226135386634995 -0.2284719884520799 -0.3395801264853637 -0.2934728824399061 -0.1314402227848858 0.1033921029961552 0.2903880162322635 0.3750354070707019 0.378251480014475 0.311463020500534 0.1990494582048619 0.1196117982747708 0.1407838897363183 0.2283237372045759 0.265208943031588 0.1654987344912496 -0.5602115733092012 -0.4837137486593053 -0.3217984793867948 -0.1138286036610426 0.069315644268114 0.2293416573733214 0.3776886109771536 0.4702692009220151 0.4637713526723565 0.3207513376907991 0.08849751280733614 -0.06075696220332471 -0.1255577243846698 -0.2389081725064874 -0.3917433048634916 -0.4937222886313654 -0.5431589439849839 -0.5674522454880359 -0.5677805657107723 -0.5347601502081764 -0.4568998854109924 -0.3036832071318534 -0.06772217782399846 0.1531207121050908 0.2825777109822654 0.3520431960050572 0.4098828955245173 0.4457655166358342 0.3845761582514877 0.1343064637806734 -0.1999206795759237 -0.3657870113529633 -0.3585643850232557 -0.2201565777806425 0.03124541095350556 0.273622387236891 0.4035031091119969 0.4323007470167897 0.3725787607397573 0.2219943008255757 0.05129156523336806 -0.01150122848659774 0.06527713666754953 0.1989987125435132 0.2581870673521949 -0.4995284324256759 -0.3825421445468618 -0.2138433131586359 -0.04656804314524397 0.1115891213981819 0.2796031356675855 0.4152418592861638 0.4712418316053605 0.4272730133158372 0.2976174760488826 0.1763417259632452 0.1221321509124549 0.01960486642686447 -0.2094979182068866 -0.4151576671897227 -0.5085008259609488 -0.5408622898179424 -0.5449115549940813 -0.5215665189967769 -0.4588913981667728 -0.346997864903823 -0.199693470405723 -0.0481586111863172 0.0843043023628321 0.1830204511364084 0.2640031880726676 0.3372997218622064 0.3325514904219342 0.1399051546819173 -0.1903206268043845 -0.3944565063616631 -0.4250452892765149 -0.3230184331118769 -0.07247649668300829 0.2222553608232143 0.401445140889547 0.4617386094601993 0.4279074972088539 0.2769171082231647 0.02813383206762714 -0.1490088856458104 -0.1531982106835386 -0.01004941623003559 0.1789794379950198 -0.403189665267586 -0.2887371420129116 -0.1642855793455355 -0.02855818179496438 0.1402921504657932 0.3070346388172273 0.4093891939426585 0.4234391761533032 0.365845928873566 0.3033002089365341 0.2883883984639815 0.2574895478324737 0.06871073581886149 -0.2430856338526682 -0.4377793677309642 -0.4995581451003017 -0.5052535382018087 -0.4813692044466873 -0.418242067777567 -0.3069659188564576 -0.1941926338217707 -0.1326937315807323 -0.08594280689083215 -0.01676136558324044 0.06442098560503499 0.1570594423833763 0.2088719713560508 0.09458679604957632 -0.1911525300956421 -0.4154593994950982 -0.4782357188841544 -0.419140893198226 -0.2018848751036795 0.1381741201014083 0.3764151873572989 0.4692057123590118 0.4650024094887167 0.3445900996014991 0.06609356204599309 -0.2158965103670083 -0.3195356962527832 -0.2556022558607237 -0.04915511264471255 -0.3151519791615224 -0.2460558946565703 -0.1527989660871734 -0.007652699323422997 0.1641435533918012 0.2940307106561838 0.3469259860664974 0.3369290012574127 0.3217140532413477 0.3457115631256827 0.3735023455786094 0.2992738205967813 0.01308131294785945 -0.3093557717240963 -0.4456475421408402 -0.4622248736674064 -0.4259120462115301 -0.3429715850440965 -0.2054735158732457 -0.0795121951321769 -0.06145574410530208 -0.1188931743665085 -0.1478054728412992 -0.1215280141707501 -0.05629090070535545 0.01705583054140009 -0.01200239161221557 -0.2102430894333253 -0.4217053606763436 -0.5103541492334104 -0.4895518629050284 -0.3348039686026318 0.009964094692881592 0.330209275994967 0.4624658374332144 0.4835168857500074 0.4017598634922121 0.1446252264018134 -0.205439156911433 -0.3948313732411968 -0.4135878224144307 -0.2937336451501956 -0.2766098201793841 -0.2293298624014212 -0.1169326526361449 0.03697257940981606 0.1627319982884811 0.2242802841422596 0.2409451862849854 0.2655822259473733 0.3294637333158317 0.3989118000554831 0.4069849478348692 0.2417184080864316 -0.1167673223098566 -0.3721678416221383 -0.4280557629425051 -0.3792692102572467 -0.2566348000150017 -0.07354263883429035 0.09017103406600413 0.1202645177405319 0.01147322641037346 -0.1254051741546951 -0.1997231480341822 -0.2083262251889867 -0.1747141328486642 -0.1630526938829676 -0.2607487357419029 -0.4226257616462542 -0.5226457535815487 -0.5313770374901459 -0.4423453568637757 -0.1640166017362656 0.2316159327499019 0.4419650508169378 0.4875171166136201 0.4370844613871081 0.2263748451350102 -0.144017607283085 -0.4025641096921334 -0.4778035817991229 -0.4394295413936214 -0.2553827955964793 -0.1685557293853686 -0.02771916718121053 0.08101521166067745 0.1172244779854135 0.1215943900114649 0.1631423545234396 0.2650628161356963 0.3770653036957478 0.4372398907327239 0.3765806271472771 0.09331300794859131 -0.2612550696302181 -0.4009850447756524 -0.3622365637179719 -0.1996702506756332 0.04187988448650194 0.2427008526018768 0.3093803088458391 0.227323068153867 0.05301762772143063 -0.1164067124225227 -0.2280244387383374 -0.2782724257033817 -0.29619284296614 -0.3393346201409832 -0.4339784356320734 -0.5229989921555185 -0.5521367540484807 -0.5092221973620352 -0.3378873528615745 0.04398099325255012 0.3745850673441352 0.4771909607202062 0.4529724934921817 0.2880134918851872 -0.06482909335908814 -0.3747181446446257 -0.4912502613140924 -0.4978575024914968 -0.1781486099060088 -0.03208443100093283 0.08176381809804707 0.09423644934965872 0.05452669561083873 0.06872751562023352 0.1796727681913098 0.3273743502676717 0.4306885563184935 0.4408079190919416 0.2720818214498044 -0.1010367103123412 -0.3613439505014596 -0.376955264477715 -0.209489242412548 0.0905165861165603 0.3364230473524931 0.432662504573261 0.4030706186025649 0.2777340954363196 0.1019063348249021 -0.08552786045676254 -0.248342857844453 -0.3522089551660841 -0.4119355870486844 -0.46528853264913 -0.5223359020702026 -0.5562647927444383 -0.5421708403706935 -0.4540693968573868 -0.1922069597139405 0.2082393579949989 0.4284046719225455 0.4522164527749218 0.3304794379591548 0.01288463856792798 -0.329604648307755 -0.4848895461909401 -0.5140633525251495 -0.0182733413338509 0.1302785394174396 0.1581667747596209 0.08804460124380392 0.0460600865105578 0.1210832535968599 0.2708631427754964 0.4033171731951594 0.4633513274958568 0.3985845944792521 0.1042795171275166 -0.2702316612539954 -0.3980057033790389 -0.2876284756478446 0.03247399001900694 0.3533317656691367 0.4885725594003082 0.4966964015441431 0.4290949857226574 0.3163159444759972 0.1616595911061383 -0.06290113258865296 -0.2949171390689732 -0.4369421107773293 -0.5010742904539979 -0.531548193151397 -0.5498917111489329 -0.5472506243328908 -0.5052124788009567 -0.3693123930175716 -0.04526845866238496 0.29333008559287 0.4156470382899584 0.3537035731786905 0.08900243210808256 -0.2688729905721721 -0.4664898620908686 -0.515211936829454 0.1611172188387351 0.2433788354109234 0.1927661307236449 0.111288843271814 0.1260143736722102 0.2379346947177842 0.3682707265328869 0.4575623452637758 0.4669731019079538 0.3053671498987927 -0.09017696884376913 -0.3783436243382251 -0.382767323970946 -0.1338483822756972 0.2633775058378319 0.4855020668110583 0.5310912619021504 0.4993275016306131 0.4344494482865323 0.3551146745271471 0.2010691482898999 -0.09423236673618693 -0.3772824452144375 -0.5104271268431558 -0.5459210603666041 -0.5439314667072538 -0.5312939823595942 -0.5052513042631219 -0.441889114543548 -0.2615063743783011 0.06410541399491802 0.3060164372407995 0.3357157621417603 0.1531211076716939 -0.1838522726536679 -0.4262024836348658 -0.5046990199324117 0.2803375734924223 0.2911290082449027 0.2179426785185359 0.1858613124960131 0.2432520913801932 0.3405575597557269 0.4319067234633773 0.4845908694595649 0.4377324819950089 0.1484693831935097 -0.2717618082020066 -0.4322717588923422 -0.3277576505771383 0.03719239035538879 0.3960881484179966 0.5194983730172609 0.5203891036264561 0.4803493257634769 0.4397332981587189 0.3796090406877207 0.1793861214148877 -0.1936464278554239 -0.4616510074880051 -0.5456095792878353 -0.5424237798299081 -0.5085702745335878 -0.4696631677881546 -0.4278091221225798 -0.3471778869124386 -0.1489972546214987 0.1191671644250342 0.2543970278363454 0.176182234361954 -0.08666143112292804 -0.3485796384917171 -0.4696599092874919 0.3269739438107111 0.3031516197103113 0.2603074388382616 0.2738191665063059 0.3253711880162222 0.3923545380130399 0.4616480513597973 0.4862237316732141 0.3459776474305436 -0.07175870791850453 -0.4066965957295375 -0.4492807255643809 -0.2489448813457669 0.1614637246440619 0.43776019105405 0.5030641322688192 0.4893354319872454 0.4608914528477871 0.4412637127133293 0.3624419769710066 0.07167128841675909 -0.3207093322270305 -0.5081529238100377 -0.5355262605759052 -0.4924667797061212 -0.4202635890182954 -0.3533092334131466 -0.3046111188838552 -0.2228334327953357 -0.047845999098543 0.1267837351135186 0.1483993558114883 -0.01016885540918902 -0.2402170895916713 -0.3940334803533294 0.3318289714069806 0.3153675933176617 0.3078721017515373 0.3189890959858302 0.3409134669566002 0.397146615655745 0.4626607656881845 0.4381470820483521 0.1479763534545719 -0.2969085362665085 -0.4847543691453905 -0.441854770454039 -0.1746178295471753 0.2199030992340439 0.4283248198569308 0.4697197765079363 0.4561452535895711 0.4409846931556783 0.4184871647525567 0.2695106497571111 -0.1013266122079655 -0.4135004901707748 -0.5073634349285389 -0.4814512945857566 -0.382030221008926 -0.2531413884371895 -0.1680403794605161 -0.1379344736286935 -0.07697435185555773 0.04016742268685761 0.1028685021031272 0.03253036569496217 -0.1307473901632214 -0.2833935984362197 0.3343350455922436 0.3333355843851323 0.3165236027201104 0.283877831862579 0.2874559667059511 0.3606299019087542 0.4181261137438573 0.2826721540895512 -0.1325112902376195 -0.4526927958051019 -0.5199385422541908 -0.4216273911248637 -0.119184803293308 0.2404932778093797 0.4082885192961849 0.4356110688985736 0.4199298186955625 0.402295575956304 0.3347391339156969 0.08600661324788486 -0.2662517628478048 -0.4491171366760427 -0.4625783006534804 -0.361682232068983 -0.1734013649364844 -0.00606498479335664 0.04765917647262557 0.04337090293870986 0.07223177154968001 0.108118292624013 0.07103427486024386 -0.03933232934241398 -0.1654557467744628 0.3442622868225859 0.3171812537122664 0.2333143734206193 0.1509591735771313 0.1730266383099797 0.2782263736168148 0.280352759585993 0.001216140354289021 -0.3696792052791656 -0.5300895599490276 -0.5299245893316662 -0.389959155924198 -0.05999180209928271 0.2685464077301943 0.3945125668007517 0.3964098210115237 0.3627910200306028 0.3102767162393448 0.1580992685621228 -0.1307369383848586 -0.3648808031597242 -0.4286840266455083 -0.3450045766058902 -0.1303310939238169 0.1058381256682997 0.2209883402175216 0.2224834338711925 0.1997602282760571 0.1920068610601437 0.1506095830067068 0.05289232794608223 -0.06028175457927844 0.3193065679742941 0.1998080452772284 0.03151454978014041 -0.04718876372725819 0.03204609207589112 0.1340507466329123 0.02741045887245275 -0.2790052407333545 -0.4971023147931229 -0.5592244226591703 -0.5167091529606646 -0.3232211031963417 0.04558639669949398 0.3162015009027241 0.3754470039168185 0.3314020449403026 0.2556825273094269 0.1366159454174536 -0.0691726366832507 -0.2822598379646685 -0.3770407490079569 -0.3152010823801016 -0.09962743640861889 0.1607081904855269 0.3158885404457488 0.3544350955300609 0.3334512249259859 0.3070921717979356 0.2669948321349642 0.1749017585765877 0.04916198215037944 0.1848418679130398 -0.04178544585595415 -0.2084235517956162 -0.2118743560954351 -0.09950224626633995 -0.06597139502436634 -0.2354907067597697 -0.4454508223559848 -0.5472293789693294 -0.555556229238896 -0.4611303758645736 -0.1733728548033546 0.197616668235156 0.3535483466586736 0.3245272470101572 0.2162410898298964 0.08365924987389381 -0.0731354673636192 -0.2277266358102167 -0.3100672598669921 -0.259524038133701 -0.05382877793301659 0.1995647684950802 0.3559374923409107 0.415476772225958 0.4171802045442761 0.3964899235996682 0.3696620908560891 0.3074523590274056 0.1857532559400259 -0.07203381145445754 -0.2867751066188981 -0.3536134693788245 -0.2935904012057522 -0.2117448403705313 -0.2570634910680359 -0.4053382806613875 -0.5167312041435512 -0.5519188126939526 -0.5069822422898373 -0.3086695690956749 0.07001408684800668 0.3265693315399498 0.3409780996390703 0.2164028383175775 0.0486441093806468 -0.09780961425381811 -0.2010108845290059 -0.2367240883608891 -0.1721154752120026 0.01787192744339742 0.2485179163700705 0.3867550680150623 0.4394410030441988 0.4532798754295467 0.4464092801591604 0.4327835371391713 0.4041257546939794 0.3224158188175566 -0.309773332757105 -0.4079825358931498 -0.3878332106063548 -0.3190842876195429 -0.3058323167073765 -0.3896158241717368 -0.4843244722718123 -0.5271868407513655 -0.5030221986731577 -0.3586331628028651 -0.02133331833945182 0.2944262561456809 0.3679213312934214 0.2549749893192317 0.0540561061131416 -0.1118908219652067 -0.1885254897797863 -0.173719750878773 -0.06768975163419873 0.1124862233923802 0.3055755215101528 0.4236674271899536 0.4611306450339735 0.4657274086253161 0.4641127868967801 0.4620577079697804 0.4550841171369121 0.4160987718096339 -0.4184805399837569 -0.4150640412045816 -0.3563326047329458 -0.3285161367264964 -0.3787668569101277 -0.454355437608328 -0.4907871340634825 -0.4685979461628113 -0.3470959005788669 -0.05530279572712574 0.2705802892803196 0.3932883568940485 0.3145924838134139 0.1023917040001874 -0.1027217661734593 -0.183339105169465 -0.1362780797062563 0.01559627189075354 0.2066467222653958 0.3630614126583461 0.455304972737764 0.4839072555533597 0.47453362269841 0.460772339555259 0.463007864163073 0.4714901101870652 0.4628287847842815 -0.4163953736512807 -0.3500633641617906 -0.2998697292136925 -0.3362697824242337 -0.4123318750321707 -0.4454237023039771 -0.4126199982240737 -0.2929169909248734 -0.03600877135858547 0.2670318936256609 0.4155391496386442 0.3789001850246771 0.1844353113523081 -0.06132538005041316 -0.1800573874660591 -0.1306153287965754 0.04990440788899252 0.264129724180797 0.4078525998087253 0.4746585730036397 0.4904981398863828 0.4721218413793608 0.4412168112267534 0.4338770926120219 0.4572325542065756 0.4750279221316787 -0.338669411063299 -0.2423348894583489 -0.2377776185522913 -0.3248877796953478 -0.3805150428623254 -0.3436353704530179 -0.215660038350533 0.0130606725459549 0.2780620669186892 0.4314796532066065 0.4346006013147703 0.2859855537267136 0.02344157606371179 -0.1616424599785685 -0.1492018898282594 0.03399420051384421 0.2691217478756047 0.4220163232531393 0.477376720795179 0.4727114806357194 0.437074338110496 0.3878783944811049 0.3619963411961989 0.3967771576609908 0.4541240173232737 -0.2078103675622613 -0.1181295313358252 -0.1719767342139021 -0.2642073193879338 -0.2569568990584427 -0.1360401219549711 0.0606641212772798 0.278675443042079 0.4288210765957812 0.4655670198344933 0.3781854722944636 0.1486110688148583 -0.09897882881115673 -0.1655449154296377 -0.01983297722374426 0.2263521574987362 0.3987192283812476 0.4565728302739619 0.4310691697195255 0.3584239003771769 0.2761670001807996 0.2235818427471078 0.2616739142933883 0.3765786006939065 -0.05966094784358915 -0.01229087433293339 -0.09026862758595369 -0.1292249095406664 -0.05114806199151213 0.09212989612344934 0.2460053826237192 0.3808474952806969 0.4537488506028735 0.428588221061723 0.2748364489620196 0.02180374079802603 -0.1381035367531255 -0.07878309024030665 0.1418873084358613 0.3375255759024756 0.4064912388487594 0.364685471456116 0.2440721394722467 0.1066897398095875 0.01810095253101123 0.03983453057649491 0.208264912693389 0.05394623344705612 0.0667402522844419 0.02756421098546855 0.0566182565848152 0.1313876817287485 0.1945944229904176 0.2693142650549711 0.3662614632665344 0.4128288681080656 0.3510915010554607 0.1679329700147064 -0.03656864887725918 -0.08653790525258725 0.04966603492900205 0.2359728815334101 0.3209073646035395 0.2700162364910859 0.1108550413804619 -0.07526972882316917 -0.1961649808183846 -0.2071889810588258 -0.04540209778584688 0.1236235198799404 0.1489436725246091 0.1715885501976996 0.2043507241175938 0.1836870033677575 0.1374306922844362 0.1820282150636648 0.2943517537719766 0.3443861397830908 0.274513290985235 0.1178385867553895 -2.451583753594826e-05 0.02037853512918852 0.128761302471484 0.1978400030590616 0.1460596483665343 -0.02434505478962011 -0.223893039084553 -0.3531336576487531 -0.3872090418991359 -0.2880265384637142 0.189742119808791 0.2524635795248666 0.291510865240063 0.2484216134805847 0.09052158149438877 -0.02144761292389918 0.0567605004045089 0.219762253416335 0.2955604543755623 0.2512104669784946 0.1571635991619121 0.1008422075700631 0.09433274126348226 0.08083658796436287 0.005704724827819617 -0.1485193933469642 -0.3257992854136928 -0.4442292337747575 -0.4851313246135944 -0.4399486836189169 0.280233790370661 0.3538827525170533 0.346799602583146 0.1741557494502685 -0.0950845411463979 -0.1837615311497279 -0.02687067534709494 0.2006759560359175 0.3073324105323026 0.3009374509350289 0.2517672017963276 0.1762493755486997 0.04858701901856129 -0.1052860864121844 -0.252927921569313 -0.3894153390138166 -0.4885482189782649 -0.5323405971468873 -0.5163748912178361 0.3760189253075698 0.4177597121249796 0.3162070679980832 0.003859667048767107 -0.2743114775797605 -0.2688593290951346 -0.01393603883659889 0.2632709237930277 0.3771363021506808 0.3838711988821221 0.3192090204787099 0.1348452619317545 -0.1323771425147599 -0.3247029091914475 -0.4322205639081359 -0.5047880614025313 -0.5486534077939287 -0.5521356572336517 0.4421506482998715 0.4207107994012737 0.1897100104910471 -0.1968173341027494 -0.3772636451510757 -0.2517229610065523 0.1022628385800411 0.3748324849947131 0.457247958901118 0.436770763054754 0.2814729391445213 -0.05428439810466264 -0.3448249249428232 -0.4641250884368931 -0.5135854672670238 -0.5469529110685627 -0.5618532467641928 0.4571013672211944 0.3374035177597051 -0.02259283410898812 -0.3524037875511914 -0.3941739149921176 -0.133402403835385 0.2700809449914329 0.4725234277501059 0.5023711279176458 0.4081437842177686 0.09301685695964323 -0.2984970094995943 -0.4779126174183677 -0.5250472957380602 -0.543609646946972 -0.5564937077157822 0.3900650767615607 0.1337518694034419 -0.2475152716133962 -0.4260707466407507 -0.3288405588214441 0.05712549704243017 0.4116478992030257 0.5223153459492471 0.4867597158924744 0.2517022557852296 -0.1873928623369775 -0.4616615905829035 -0.5338492885317679 -0.5469078920326144 -0.5506290975620125 0.1875424195109299 -0.1392789437558839 -0.3896214740280058 -0.4192633926199022 -0.1768583865432907 0.2536921197899291 0.4901771259754451 0.5214847101152041 0.3827694847170867 -0.0201946253133168 -0.4026338945676 -0.5303899548386282 -0.5528935273060096 -0.5521181275071765 -0.1029550842905483 -0.336982421690076 -0.4288404113943874 -0.3224566370788857 0.04371516117069178 0.3962252808735661 0.5155524420054443 0.4678216814875865 0.1754818829588108 -0.2781201435633722 -0.5029149144338528 -0.5521541262020748 -0.5573353936140608 -0.3161502586783451 -0.407025104160661 -0.3681748143528126 -0.1165536929146732 0.261818489047016 0.4720900835851579 0.5033034063479603 0.3445154414775839 -0.07911039469953413 -0.4297578891215984 -0.5364997331523129 -0.5567748995772461 -0.3952586092012066 -0.3625373167219246 -0.184391830198192 0.1439273499736364 0.4025699316373165 0.4949424647542625 0.4405896751482266 0.1402597505283788 -0.2878115256213166 -0.4935624791944359 -0.5445195658432294 -0.3542263357788636 -0.1911551743438269 0.07866572557442714 0.3274070959631104 0.4502571626243327 0.4545344714757351 0.2831554969450707 -0.1044314620445199 -0.4067466201080239 -0.5108687890945915 -0.1819943621981103 0.05723328914988345 0.261701310318931 0.3736095765064455 0.3940649269104498 0.2990559816501061 0.02348271485112201 -0.2897230806280065 -0.4432121314701459 0.05879682956219295 0.2126180023479501 0.2711285611389084 0.2641872728921725 0.1916041921008386 0.0187199332663544 -0.2087671638984269 -0.3524588960211432 0.1929992340940334 0.170457007953656 0.08893371745259365 -0.003068919864395473 -0.1126306005246126 -0.2279599839446588 -0.2915253896958374 0.1209262137498587 -0.0646512153131299 -0.2058023386165309 -0.2904007284585349 -0.3348420284300986 -0.3142623817600332 -0.1311294072208065 -0.3390783766085454 -0.4279328299528782 -0.4517040115583391 -0.4048262245255485 -0.3820995435080992 -0.4987562284384544 -0.5273924812003405 -0.4956644759414147 -0.5156501099330999 -0.5610323130527893 -0.5515467087470036 -0.5671299767353677 -0.5750573876310849 -0.5774920866850211 </DataArray>
      </PointData>
    </Piece>
  </UnstructuredGrid>
</VTKFile>
